"ahrq","ICD10"
"CHF","I0981"
"CHF","I501"
"CHF","I5020"
"CHF","I5021"
"CHF","I5022"
"CHF","I5023"
"CHF","I5030"
"CHF","I5031"
"CHF","I5032"
"CHF","I5033"
"CHF","I5040"
"CHF","I5041"
"CHF","I5042"
"CHF","I5043"
"CHF","I509"
"CHF","I110"
"CHF","I130"
"CHF","I132"
"Valvular","A5203"
"Valvular","I050"
"Valvular","I051"
"Valvular","I052"
"Valvular","I058"
"Valvular","I059"
"Valvular","I060"
"Valvular","I061"
"Valvular","I062"
"Valvular","I068"
"Valvular","I069"
"Valvular","I070"
"Valvular","I071"
"Valvular","I072"
"Valvular","I078"
"Valvular","I079"
"Valvular","I080"
"Valvular","I081"
"Valvular","I082"
"Valvular","I083"
"Valvular","I088"
"Valvular","I089"
"Valvular","I091"
"Valvular","I0989"
"Valvular","I340"
"Valvular","I341"
"Valvular","I342"
"Valvular","I348"
"Valvular","I349"
"Valvular","I350"
"Valvular","I351"
"Valvular","I352"
"Valvular","I358"
"Valvular","I359"
"Valvular","I360"
"Valvular","I361"
"Valvular","I362"
"Valvular","I368"
"Valvular","I369"
"Valvular","I370"
"Valvular","I371"
"Valvular","I372"
"Valvular","I378"
"Valvular","I379"
"Valvular","I38"
"Valvular","I39"
"Valvular","Q230"
"Valvular","Q231"
"Valvular","Q232"
"Valvular","Q233"
"Valvular","Z952"
"Valvular","Z953"
"Valvular","Z954"
"PHTN","I2601"
"PHTN","I2602"
"PHTN","I2609"
"PHTN","I2690"
"PHTN","I2692"
"PHTN","I2699"
"PHTN","I270"
"PHTN","I271"
"PHTN","I2781"
"PHTN","I2782"
"PHTN","I2789"
"PHTN","I279"
"PHTN","I289"
"PHTN","T800XXA"
"PHTN","T82817A"
"PHTN","T82818A"
"PVD","I700"
"PVD","I701"
"PVD","I70201"
"PVD","I70202"
"PVD","I70203"
"PVD","I70208"
"PVD","I70209"
"PVD","I70211"
"PVD","I70212"
"PVD","I70213"
"PVD","I70218"
"PVD","I70219"
"PVD","I70221"
"PVD","I70222"
"PVD","I70223"
"PVD","I70228"
"PVD","I70229"
"PVD","I70231"
"PVD","I70232"
"PVD","I70233"
"PVD","I70234"
"PVD","I70235"
"PVD","I70238"
"PVD","I70239"
"PVD","I70241"
"PVD","I70242"
"PVD","I70243"
"PVD","I70244"
"PVD","I70245"
"PVD","I70248"
"PVD","I70249"
"PVD","I7025"
"PVD","I70261"
"PVD","I70262"
"PVD","I70263"
"PVD","I70268"
"PVD","I70269"
"PVD","I70291"
"PVD","I70292"
"PVD","I70293"
"PVD","I70298"
"PVD","I70299"
"PVD","I70301"
"PVD","I70302"
"PVD","I70303"
"PVD","I70308"
"PVD","I70309"
"PVD","I70311"
"PVD","I70312"
"PVD","I70313"
"PVD","I70318"
"PVD","I70319"
"PVD","I70321"
"PVD","I70322"
"PVD","I70323"
"PVD","I70328"
"PVD","I70329"
"PVD","I70331"
"PVD","I70332"
"PVD","I70333"
"PVD","I70334"
"PVD","I70335"
"PVD","I70338"
"PVD","I70339"
"PVD","I70341"
"PVD","I70342"
"PVD","I70343"
"PVD","I70344"
"PVD","I70345"
"PVD","I70348"
"PVD","I70349"
"PVD","I7035"
"PVD","I70361"
"PVD","I70362"
"PVD","I70363"
"PVD","I70368"
"PVD","I70369"
"PVD","I70391"
"PVD","I70392"
"PVD","I70393"
"PVD","I70398"
"PVD","I70399"
"PVD","I70401"
"PVD","I70402"
"PVD","I70403"
"PVD","I70408"
"PVD","I70409"
"PVD","I70411"
"PVD","I70412"
"PVD","I70413"
"PVD","I70418"
"PVD","I70419"
"PVD","I70421"
"PVD","I70422"
"PVD","I70423"
"PVD","I70428"
"PVD","I70429"
"PVD","I70431"
"PVD","I70432"
"PVD","I70433"
"PVD","I70434"
"PVD","I70435"
"PVD","I70438"
"PVD","I70439"
"PVD","I70441"
"PVD","I70442"
"PVD","I70443"
"PVD","I70444"
"PVD","I70445"
"PVD","I70448"
"PVD","I70449"
"PVD","I7045"
"PVD","I70461"
"PVD","I70462"
"PVD","I70463"
"PVD","I70468"
"PVD","I70469"
"PVD","I70491"
"PVD","I70492"
"PVD","I70493"
"PVD","I70498"
"PVD","I70499"
"PVD","I70501"
"PVD","I70502"
"PVD","I70503"
"PVD","I70508"
"PVD","I70509"
"PVD","I70511"
"PVD","I70512"
"PVD","I70513"
"PVD","I70518"
"PVD","I70519"
"PVD","I70521"
"PVD","I70522"
"PVD","I70523"
"PVD","I70528"
"PVD","I70529"
"PVD","I70531"
"PVD","I70532"
"PVD","I70533"
"PVD","I70534"
"PVD","I70535"
"PVD","I70538"
"PVD","I70539"
"PVD","I70541"
"PVD","I70542"
"PVD","I70543"
"PVD","I70544"
"PVD","I70545"
"PVD","I70548"
"PVD","I70549"
"PVD","I7055"
"PVD","I70561"
"PVD","I70562"
"PVD","I70563"
"PVD","I70568"
"PVD","I70569"
"PVD","I70591"
"PVD","I70592"
"PVD","I70593"
"PVD","I70598"
"PVD","I70599"
"PVD","I70601"
"PVD","I70602"
"PVD","I70603"
"PVD","I70608"
"PVD","I70609"
"PVD","I70611"
"PVD","I70612"
"PVD","I70613"
"PVD","I70618"
"PVD","I70619"
"PVD","I70621"
"PVD","I70622"
"PVD","I70623"
"PVD","I70628"
"PVD","I70629"
"PVD","I70631"
"PVD","I70632"
"PVD","I70633"
"PVD","I70634"
"PVD","I70635"
"PVD","I70638"
"PVD","I70639"
"PVD","I70641"
"PVD","I70642"
"PVD","I70643"
"PVD","I70644"
"PVD","I70645"
"PVD","I70648"
"PVD","I70649"
"PVD","I7065"
"PVD","I70661"
"PVD","I70662"
"PVD","I70663"
"PVD","I70668"
"PVD","I70669"
"PVD","I70691"
"PVD","I70692"
"PVD","I70693"
"PVD","I70698"
"PVD","I70699"
"PVD","I70701"
"PVD","I70702"
"PVD","I70703"
"PVD","I70708"
"PVD","I70709"
"PVD","I70711"
"PVD","I70712"
"PVD","I70713"
"PVD","I70718"
"PVD","I70719"
"PVD","I70721"
"PVD","I70722"
"PVD","I70723"
"PVD","I70728"
"PVD","I70729"
"PVD","I70731"
"PVD","I70732"
"PVD","I70733"
"PVD","I70734"
"PVD","I70735"
"PVD","I70738"
"PVD","I70739"
"PVD","I70741"
"PVD","I70742"
"PVD","I70743"
"PVD","I70744"
"PVD","I70745"
"PVD","I70748"
"PVD","I70749"
"PVD","I7075"
"PVD","I70761"
"PVD","I70762"
"PVD","I70763"
"PVD","I70768"
"PVD","I70769"
"PVD","I70791"
"PVD","I70792"
"PVD","I70793"
"PVD","I70798"
"PVD","I70799"
"PVD","I708"
"PVD","I7090"
"PVD","I7091"
"PVD","I7092"
"PVD","I7100"
"PVD","I7101"
"PVD","I7102"
"PVD","I7103"
"PVD","I711"
"PVD","I712"
"PVD","I713"
"PVD","I714"
"PVD","I715"
"PVD","I716"
"PVD","I718"
"PVD","I719"
"PVD","I720"
"PVD","I721"
"PVD","I722"
"PVD","I723"
"PVD","I724"
"PVD","I728"
"PVD","I729"
"PVD","I731"
"PVD","I7381"
"PVD","I7389"
"PVD","I739"
"PVD","I742"
"PVD","I743"
"PVD","I744"
"PVD","I76"
"PVD","I771"
"PVD","I7771"
"PVD","I7772"
"PVD","I7773"
"PVD","I7774"
"PVD","I7779"
"PVD","I790"
"PVD","I791"
"PVD","I798"
"PVD","K551"
"PVD","K558"
"PVD","K559"
"PVD","Z95820"
"PVD","Z95828"
"HTN","I10"
"HTN","O10011"
"HTN","O10012"
"HTN","O10013"
"HTN","O10019"
"HTN","O1002"
"HTN","O1003"
"HTN","O10911"
"HTN","O10912"
"HTN","O10913"
"HTN","O10919"
"HTN","O1092"
"HTN","O1093"
"HTNcx","I674"
"HTNcx","O10111"
"HTNcx","O10112"
"HTNcx","O10113"
"HTNcx","O10119"
"HTNcx","O1012"
"HTNcx","O1013"
"HTNcx","O10211"
"HTNcx","O10212"
"HTNcx","O10213"
"HTNcx","O10219"
"HTNcx","O1022"
"HTNcx","O1023"
"HTNcx","O10311"
"HTNcx","O10312"
"HTNcx","O10313"
"HTNcx","O10319"
"HTNcx","O1032"
"HTNcx","O1033"
"HTNcx","O10411"
"HTNcx","O10412"
"HTNcx","O10413"
"HTNcx","O10419"
"HTNcx","O1042"
"HTNcx","O1043"
"HTNcx","O111"
"HTNcx","O112"
"HTNcx","O113"
"HTNcx","O119"
"HTNcx","O152"
"HTNcx","O161"
"HTNcx","O162"
"HTNcx","O163"
"HTNcx","O169"
"HTNcx","I119"
"HTNcx","I152"
"HTNcx","I158"
"HTNcx","I159"
"HTNcx","I110"
"HTNcx","I129"
"HTNcx","I150"
"HTNcx","I151"
"HTNcx","I120"
"HTNcx","I1310"
"HTNcx","I130"
"HTNcx","I1311"
"HTNcx","I132"
"Paralysis","G041"
"Paralysis","G800"
"Paralysis","G801"
"Paralysis","G802"
"Paralysis","G804"
"Paralysis","G808"
"Paralysis","G809"
"Paralysis","G8100"
"Paralysis","G8101"
"Paralysis","G8102"
"Paralysis","G8103"
"Paralysis","G8104"
"Paralysis","G8110"
"Paralysis","G8111"
"Paralysis","G8112"
"Paralysis","G8113"
"Paralysis","G8114"
"Paralysis","G8190"
"Paralysis","G8191"
"Paralysis","G8192"
"Paralysis","G8193"
"Paralysis","G8194"
"Paralysis","G8220"
"Paralysis","G8221"
"Paralysis","G8222"
"Paralysis","G8250"
"Paralysis","G8251"
"Paralysis","G8252"
"Paralysis","G8253"
"Paralysis","G8254"
"Paralysis","G830"
"Paralysis","G8310"
"Paralysis","G8311"
"Paralysis","G8312"
"Paralysis","G8313"
"Paralysis","G8314"
"Paralysis","G8320"
"Paralysis","G8321"
"Paralysis","G8322"
"Paralysis","G8323"
"Paralysis","G8324"
"Paralysis","G8330"
"Paralysis","G8331"
"Paralysis","G8332"
"Paralysis","G8333"
"Paralysis","G8334"
"Paralysis","G834"
"Paralysis","G835"
"Paralysis","G8381"
"Paralysis","G8382"
"Paralysis","G8383"
"Paralysis","G8384"
"Paralysis","G8389"
"Paralysis","G839"
"Paralysis","I69031"
"Paralysis","I69032"
"Paralysis","I69033"
"Paralysis","I69034"
"Paralysis","I69039"
"Paralysis","I69041"
"Paralysis","I69042"
"Paralysis","I69043"
"Paralysis","I69044"
"Paralysis","I69049"
"Paralysis","I69051"
"Paralysis","I69052"
"Paralysis","I69053"
"Paralysis","I69054"
"Paralysis","I69059"
"Paralysis","I69061"
"Paralysis","I69062"
"Paralysis","I69063"
"Paralysis","I69064"
"Paralysis","I69065"
"Paralysis","I69069"
"Paralysis","I69131"
"Paralysis","I69132"
"Paralysis","I69133"
"Paralysis","I69134"
"Paralysis","I69139"
"Paralysis","I69141"
"Paralysis","I69142"
"Paralysis","I69143"
"Paralysis","I69144"
"Paralysis","I69149"
"Paralysis","I69151"
"Paralysis","I69152"
"Paralysis","I69153"
"Paralysis","I69154"
"Paralysis","I69159"
"Paralysis","I69161"
"Paralysis","I69162"
"Paralysis","I69163"
"Paralysis","I69164"
"Paralysis","I69165"
"Paralysis","I69169"
"Paralysis","I69231"
"Paralysis","I69232"
"Paralysis","I69233"
"Paralysis","I69234"
"Paralysis","I69239"
"Paralysis","I69241"
"Paralysis","I69242"
"Paralysis","I69243"
"Paralysis","I69244"
"Paralysis","I69249"
"Paralysis","I69251"
"Paralysis","I69252"
"Paralysis","I69253"
"Paralysis","I69254"
"Paralysis","I69259"
"Paralysis","I69261"
"Paralysis","I69262"
"Paralysis","I69263"
"Paralysis","I69264"
"Paralysis","I69265"
"Paralysis","I69269"
"Paralysis","I69331"
"Paralysis","I69332"
"Paralysis","I69333"
"Paralysis","I69334"
"Paralysis","I69339"
"Paralysis","I69341"
"Paralysis","I69342"
"Paralysis","I69343"
"Paralysis","I69344"
"Paralysis","I69349"
"Paralysis","I69351"
"Paralysis","I69352"
"Paralysis","I69353"
"Paralysis","I69354"
"Paralysis","I69359"
"Paralysis","I69361"
"Paralysis","I69362"
"Paralysis","I69363"
"Paralysis","I69364"
"Paralysis","I69365"
"Paralysis","I69369"
"Paralysis","I69831"
"Paralysis","I69832"
"Paralysis","I69833"
"Paralysis","I69834"
"Paralysis","I69839"
"Paralysis","I69841"
"Paralysis","I69842"
"Paralysis","I69843"
"Paralysis","I69844"
"Paralysis","I69849"
"Paralysis","I69851"
"Paralysis","I69852"
"Paralysis","I69853"
"Paralysis","I69854"
"Paralysis","I69859"
"Paralysis","I69861"
"Paralysis","I69862"
"Paralysis","I69863"
"Paralysis","I69864"
"Paralysis","I69865"
"Paralysis","I69869"
"Paralysis","I69931"
"Paralysis","I69932"
"Paralysis","I69933"
"Paralysis","I69934"
"Paralysis","I69939"
"Paralysis","I69941"
"Paralysis","I69942"
"Paralysis","I69943"
"Paralysis","I69944"
"Paralysis","I69949"
"Paralysis","I69951"
"Paralysis","I69952"
"Paralysis","I69953"
"Paralysis","I69954"
"Paralysis","I69959"
"Paralysis","I69961"
"Paralysis","I69962"
"Paralysis","I69963"
"Paralysis","I69964"
"Paralysis","I69965"
"Paralysis","I69969"
"Paralysis","R532"
"NeuroOther","E7500"
"NeuroOther","E7501"
"NeuroOther","E7502"
"NeuroOther","E7509"
"NeuroOther","E7510"
"NeuroOther","E7511"
"NeuroOther","E7519"
"NeuroOther","E7523"
"NeuroOther","E7525"
"NeuroOther","E7529"
"NeuroOther","E754"
"NeuroOther","F842"
"NeuroOther","G10"
"NeuroOther","G110"
"NeuroOther","G111"
"NeuroOther","G112"
"NeuroOther","G113"
"NeuroOther","G114"
"NeuroOther","G118"
"NeuroOther","G119"
"NeuroOther","G120"
"NeuroOther","G121"
"NeuroOther","G1220"
"NeuroOther","G1221"
"NeuroOther","G1222"
"NeuroOther","G1229"
"NeuroOther","G128"
"NeuroOther","G129"
"NeuroOther","G132"
"NeuroOther","G138"
"NeuroOther","G20"
"NeuroOther","G214"
"NeuroOther","G2401"
"NeuroOther","G2402"
"NeuroOther","G2409"
"NeuroOther","G242"
"NeuroOther","G248"
"NeuroOther","G254"
"NeuroOther","G255"
"NeuroOther","G2581"
"NeuroOther","G300"
"NeuroOther","G301"
"NeuroOther","G308"
"NeuroOther","G309"
"NeuroOther","G3101"
"NeuroOther","G3109"
"NeuroOther","G311"
"NeuroOther","G312"
"NeuroOther","G3181"
"NeuroOther","G3182"
"NeuroOther","G3183"
"NeuroOther","G3184"
"NeuroOther","G3185"
"NeuroOther","G3189"
"NeuroOther","G319"
"NeuroOther","G3281"
"NeuroOther","G35"
"NeuroOther","G361"
"NeuroOther","G368"
"NeuroOther","G369"
"NeuroOther","G370"
"NeuroOther","G371"
"NeuroOther","G372"
"NeuroOther","G373"
"NeuroOther","G374"
"NeuroOther","G375"
"NeuroOther","G378"
"NeuroOther","G379"
"NeuroOther","G40001"
"NeuroOther","G40009"
"NeuroOther","G40011"
"NeuroOther","G40019"
"NeuroOther","G40101"
"NeuroOther","G40109"
"NeuroOther","G40111"
"NeuroOther","G40119"
"NeuroOther","G40201"
"NeuroOther","G40209"
"NeuroOther","G40211"
"NeuroOther","G40219"
"NeuroOther","G40301"
"NeuroOther","G40309"
"NeuroOther","G40311"
"NeuroOther","G40319"
"NeuroOther","G40401"
"NeuroOther","G40409"
"NeuroOther","G40411"
"NeuroOther","G40419"
"NeuroOther","G40501"
"NeuroOther","G40509"
"NeuroOther","G40801"
"NeuroOther","G40802"
"NeuroOther","G40803"
"NeuroOther","G40804"
"NeuroOther","G40811"
"NeuroOther","G40812"
"NeuroOther","G40813"
"NeuroOther","G40814"
"NeuroOther","G40821"
"NeuroOther","G40822"
"NeuroOther","G40823"
"NeuroOther","G40824"
"NeuroOther","G4089"
"NeuroOther","G40901"
"NeuroOther","G40909"
"NeuroOther","G40911"
"NeuroOther","G40919"
"NeuroOther","G40A01"
"NeuroOther","G40A09"
"NeuroOther","G40A11"
"NeuroOther","G40A19"
"NeuroOther","G40B01"
"NeuroOther","G40B09"
"NeuroOther","G40B11"
"NeuroOther","G40B19"
"NeuroOther","G47411"
"NeuroOther","G47419"
"NeuroOther","G47421"
"NeuroOther","G47429"
"NeuroOther","G803"
"NeuroOther","G890"
"NeuroOther","G910"
"NeuroOther","G911"
"NeuroOther","G912"
"NeuroOther","G913"
"NeuroOther","G914"
"NeuroOther","G918"
"NeuroOther","G919"
"NeuroOther","G937"
"NeuroOther","G9389"
"NeuroOther","G939"
"NeuroOther","G94"
"NeuroOther","O99350"
"NeuroOther","O99351"
"NeuroOther","O99352"
"NeuroOther","O99353"
"NeuroOther","O99354"
"NeuroOther","O99355"
"NeuroOther","P9160"
"NeuroOther","P9161"
"NeuroOther","P9162"
"NeuroOther","P9163"
"NeuroOther","R410"
"NeuroOther","R4182"
"NeuroOther","R4701"
"NeuroOther","R5600"
"NeuroOther","R5601"
"NeuroOther","R561"
"NeuroOther","R569"
"Pulmonary","J40"
"Pulmonary","J410"
"Pulmonary","J411"
"Pulmonary","J418"
"Pulmonary","J42"
"Pulmonary","J430"
"Pulmonary","J431"
"Pulmonary","J432"
"Pulmonary","J438"
"Pulmonary","J439"
"Pulmonary","J440"
"Pulmonary","J441"
"Pulmonary","J449"
"Pulmonary","J4520"
"Pulmonary","J4521"
"Pulmonary","J4522"
"Pulmonary","J4530"
"Pulmonary","J4531"
"Pulmonary","J4532"
"Pulmonary","J4540"
"Pulmonary","J4541"
"Pulmonary","J4542"
"Pulmonary","J4550"
"Pulmonary","J4551"
"Pulmonary","J4552"
"Pulmonary","J45901"
"Pulmonary","J45902"
"Pulmonary","J45909"
"Pulmonary","J45990"
"Pulmonary","J45991"
"Pulmonary","J45998"
"Pulmonary","J470"
"Pulmonary","J471"
"Pulmonary","J479"
"Pulmonary","J60"
"Pulmonary","J61"
"Pulmonary","J620"
"Pulmonary","J628"
"Pulmonary","J630"
"Pulmonary","J631"
"Pulmonary","J632"
"Pulmonary","J633"
"Pulmonary","J634"
"Pulmonary","J635"
"Pulmonary","J636"
"Pulmonary","J64"
"Pulmonary","J65"
"Pulmonary","J660"
"Pulmonary","J661"
"Pulmonary","J662"
"Pulmonary","J668"
"Pulmonary","J670"
"Pulmonary","J671"
"Pulmonary","J672"
"Pulmonary","J673"
"Pulmonary","J674"
"Pulmonary","J675"
"Pulmonary","J676"
"Pulmonary","J677"
"Pulmonary","J678"
"Pulmonary","J679"
"Pulmonary","J684"
"DM","E0800"
"DM","E0801"
"DM","E0810"
"DM","E0811"
"DM","E089"
"DM","E0900"
"DM","E0901"
"DM","E0910"
"DM","E0911"
"DM","E099"
"DM","E1010"
"DM","E1011"
"DM","E109"
"DM","E1100"
"DM","E1101"
"DM","E119"
"DM","E1300"
"DM","E1301"
"DM","E1310"
"DM","E1311"
"DM","E139"
"DM","O24011"
"DM","O24012"
"DM","O24013"
"DM","O24019"
"DM","O2402"
"DM","O2403"
"DM","O24111"
"DM","O24112"
"DM","O24113"
"DM","O24119"
"DM","O2412"
"DM","O2413"
"DM","O24311"
"DM","O24312"
"DM","O24313"
"DM","O24319"
"DM","O2432"
"DM","O2433"
"DM","O24811"
"DM","O24812"
"DM","O24813"
"DM","O24819"
"DM","O2482"
"DM","O2483"
"DM","O24911"
"DM","O24912"
"DM","O24913"
"DM","O24919"
"DM","O2492"
"DM","O2493"
"DMcx","E0821"
"DMcx","E0822"
"DMcx","E0829"
"DMcx","E08311"
"DMcx","E08319"
"DMcx","E08321"
"DMcx","E08329"
"DMcx","E08331"
"DMcx","E08339"
"DMcx","E08341"
"DMcx","E08349"
"DMcx","E08351"
"DMcx","E08359"
"DMcx","E0836"
"DMcx","E0839"
"DMcx","E0840"
"DMcx","E0841"
"DMcx","E0842"
"DMcx","E0843"
"DMcx","E0844"
"DMcx","E0849"
"DMcx","E0851"
"DMcx","E0852"
"DMcx","E0859"
"DMcx","E08610"
"DMcx","E08618"
"DMcx","E08620"
"DMcx","E08621"
"DMcx","E08622"
"DMcx","E08628"
"DMcx","E08630"
"DMcx","E08638"
"DMcx","E08641"
"DMcx","E08649"
"DMcx","E0865"
"DMcx","E0869"
"DMcx","E088"
"DMcx","E0921"
"DMcx","E0922"
"DMcx","E0929"
"DMcx","E09311"
"DMcx","E09319"
"DMcx","E09321"
"DMcx","E09329"
"DMcx","E09331"
"DMcx","E09339"
"DMcx","E09341"
"DMcx","E09349"
"DMcx","E09351"
"DMcx","E09359"
"DMcx","E0936"
"DMcx","E0939"
"DMcx","E0940"
"DMcx","E0941"
"DMcx","E0942"
"DMcx","E0943"
"DMcx","E0944"
"DMcx","E0949"
"DMcx","E0951"
"DMcx","E0952"
"DMcx","E0959"
"DMcx","E09610"
"DMcx","E09618"
"DMcx","E09620"
"DMcx","E09621"
"DMcx","E09622"
"DMcx","E09628"
"DMcx","E09630"
"DMcx","E09638"
"DMcx","E09641"
"DMcx","E09649"
"DMcx","E0965"
"DMcx","E0969"
"DMcx","E098"
"DMcx","E1021"
"DMcx","E1022"
"DMcx","E1029"
"DMcx","E10311"
"DMcx","E10319"
"DMcx","E10321"
"DMcx","E10329"
"DMcx","E10331"
"DMcx","E10339"
"DMcx","E10341"
"DMcx","E10349"
"DMcx","E10351"
"DMcx","E10359"
"DMcx","E1036"
"DMcx","E1039"
"DMcx","E1040"
"DMcx","E1041"
"DMcx","E1042"
"DMcx","E1043"
"DMcx","E1044"
"DMcx","E1049"
"DMcx","E1051"
"DMcx","E1052"
"DMcx","E1059"
"DMcx","E10610"
"DMcx","E10618"
"DMcx","E10620"
"DMcx","E10621"
"DMcx","E10622"
"DMcx","E10628"
"DMcx","E10630"
"DMcx","E10638"
"DMcx","E10641"
"DMcx","E10649"
"DMcx","E1065"
"DMcx","E1069"
"DMcx","E108"
"DMcx","E1121"
"DMcx","E1122"
"DMcx","E1129"
"DMcx","E11311"
"DMcx","E11319"
"DMcx","E11321"
"DMcx","E11329"
"DMcx","E11331"
"DMcx","E11339"
"DMcx","E11341"
"DMcx","E11349"
"DMcx","E11351"
"DMcx","E11359"
"DMcx","E1136"
"DMcx","E1139"
"DMcx","E1140"
"DMcx","E1141"
"DMcx","E1142"
"DMcx","E1143"
"DMcx","E1144"
"DMcx","E1149"
"DMcx","E1151"
"DMcx","E1152"
"DMcx","E1159"
"DMcx","E11610"
"DMcx","E11618"
"DMcx","E11620"
"DMcx","E11621"
"DMcx","E11622"
"DMcx","E11628"
"DMcx","E11630"
"DMcx","E11638"
"DMcx","E11641"
"DMcx","E11649"
"DMcx","E1165"
"DMcx","E1169"
"DMcx","E118"
"DMcx","E1321"
"DMcx","E1322"
"DMcx","E1329"
"DMcx","E13311"
"DMcx","E13319"
"DMcx","E13321"
"DMcx","E13329"
"DMcx","E13331"
"DMcx","E13339"
"DMcx","E13341"
"DMcx","E13349"
"DMcx","E13351"
"DMcx","E13359"
"DMcx","E1336"
"DMcx","E1339"
"DMcx","E1340"
"DMcx","E1341"
"DMcx","E1342"
"DMcx","E1343"
"DMcx","E1344"
"DMcx","E1349"
"DMcx","E1351"
"DMcx","E1352"
"DMcx","E1359"
"DMcx","E13610"
"DMcx","E13618"
"DMcx","E13620"
"DMcx","E13621"
"DMcx","E13622"
"DMcx","E13628"
"DMcx","E13630"
"DMcx","E13638"
"DMcx","E13641"
"DMcx","E13649"
"DMcx","E1365"
"DMcx","E1369"
"DMcx","E138"
"DMcx","P702"
"Hypothyroid","E000"
"Hypothyroid","E001"
"Hypothyroid","E002"
"Hypothyroid","E009"
"Hypothyroid","E018"
"Hypothyroid","E02"
"Hypothyroid","E030"
"Hypothyroid","E031"
"Hypothyroid","E032"
"Hypothyroid","E033"
"Hypothyroid","E038"
"Hypothyroid","E039"
"Hypothyroid","E890"
"Renal","N183"
"Renal","N184"
"Renal","N185"
"Renal","N186"
"Renal","N189"
"Renal","N19"
"Renal","Z4901"
"Renal","Z4902"
"Renal","Z9115"
"Renal","Z940"
"Renal","Z992"
"Renal","Z4931"
"Renal","Z4932"
"Renal","I120"
"Renal","I1311"
"Renal","I132"
"Liver","B180"
"Liver","B181"
"Liver","B182"
"Liver","I8500"
"Liver","I8501"
"Liver","I8510"
"Liver","I8511"
"Liver","K700"
"Liver","K702"
"Liver","K7030"
"Liver","K7031"
"Liver","K7040"
"Liver","K7041"
"Liver","K709"
"Liver","K7210"
"Liver","K7211"
"Liver","K7290"
"Liver","K7291"
"Liver","K730"
"Liver","K731"
"Liver","K732"
"Liver","K738"
"Liver","K739"
"Liver","K740"
"Liver","K741"
"Liver","K742"
"Liver","K743"
"Liver","K744"
"Liver","K745"
"Liver","K7460"
"Liver","K7469"
"Liver","K754"
"Liver","K7581"
"Liver","K760"
"Liver","K766"
"Liver","K7689"
"Liver","K769"
"Liver","Z944"
"PUD","K254"
"PUD","K255"
"PUD","K256"
"PUD","K257"
"PUD","K259"
"PUD","K264"
"PUD","K265"
"PUD","K266"
"PUD","K267"
"PUD","K269"
"PUD","K274"
"PUD","K275"
"PUD","K276"
"PUD","K277"
"PUD","K279"
"PUD","K284"
"PUD","K285"
"PUD","K286"
"PUD","K287"
"PUD","K289"
"HIV","B20"
"Lymphoma","C8100"
"Lymphoma","C8101"
"Lymphoma","C8102"
"Lymphoma","C8103"
"Lymphoma","C8104"
"Lymphoma","C8105"
"Lymphoma","C8106"
"Lymphoma","C8107"
"Lymphoma","C8108"
"Lymphoma","C8109"
"Lymphoma","C8110"
"Lymphoma","C8111"
"Lymphoma","C8112"
"Lymphoma","C8113"
"Lymphoma","C8114"
"Lymphoma","C8115"
"Lymphoma","C8116"
"Lymphoma","C8117"
"Lymphoma","C8118"
"Lymphoma","C8119"
"Lymphoma","C8120"
"Lymphoma","C8121"
"Lymphoma","C8122"
"Lymphoma","C8123"
"Lymphoma","C8124"
"Lymphoma","C8125"
"Lymphoma","C8126"
"Lymphoma","C8127"
"Lymphoma","C8128"
"Lymphoma","C8129"
"Lymphoma","C8130"
"Lymphoma","C8131"
"Lymphoma","C8132"
"Lymphoma","C8133"
"Lymphoma","C8134"
"Lymphoma","C8135"
"Lymphoma","C8136"
"Lymphoma","C8137"
"Lymphoma","C8138"
"Lymphoma","C8139"
"Lymphoma","C8140"
"Lymphoma","C8141"
"Lymphoma","C8142"
"Lymphoma","C8143"
"Lymphoma","C8144"
"Lymphoma","C8145"
"Lymphoma","C8146"
"Lymphoma","C8147"
"Lymphoma","C8148"
"Lymphoma","C8149"
"Lymphoma","C8170"
"Lymphoma","C8171"
"Lymphoma","C8172"
"Lymphoma","C8173"
"Lymphoma","C8174"
"Lymphoma","C8175"
"Lymphoma","C8176"
"Lymphoma","C8177"
"Lymphoma","C8178"
"Lymphoma","C8179"
"Lymphoma","C8190"
"Lymphoma","C8191"
"Lymphoma","C8192"
"Lymphoma","C8193"
"Lymphoma","C8194"
"Lymphoma","C8195"
"Lymphoma","C8196"
"Lymphoma","C8197"
"Lymphoma","C8198"
"Lymphoma","C8199"
"Lymphoma","C8200"
"Lymphoma","C8201"
"Lymphoma","C8202"
"Lymphoma","C8203"
"Lymphoma","C8204"
"Lymphoma","C8205"
"Lymphoma","C8206"
"Lymphoma","C8207"
"Lymphoma","C8208"
"Lymphoma","C8209"
"Lymphoma","C8210"
"Lymphoma","C8211"
"Lymphoma","C8212"
"Lymphoma","C8213"
"Lymphoma","C8214"
"Lymphoma","C8215"
"Lymphoma","C8216"
"Lymphoma","C8217"
"Lymphoma","C8218"
"Lymphoma","C8219"
"Lymphoma","C8220"
"Lymphoma","C8221"
"Lymphoma","C8222"
"Lymphoma","C8223"
"Lymphoma","C8224"
"Lymphoma","C8225"
"Lymphoma","C8226"
"Lymphoma","C8227"
"Lymphoma","C8228"
"Lymphoma","C8229"
"Lymphoma","C8230"
"Lymphoma","C8231"
"Lymphoma","C8232"
"Lymphoma","C8233"
"Lymphoma","C8234"
"Lymphoma","C8235"
"Lymphoma","C8236"
"Lymphoma","C8237"
"Lymphoma","C8238"
"Lymphoma","C8239"
"Lymphoma","C8240"
"Lymphoma","C8241"
"Lymphoma","C8242"
"Lymphoma","C8243"
"Lymphoma","C8244"
"Lymphoma","C8245"
"Lymphoma","C8246"
"Lymphoma","C8247"
"Lymphoma","C8248"
"Lymphoma","C8249"
"Lymphoma","C8250"
"Lymphoma","C8251"
"Lymphoma","C8252"
"Lymphoma","C8253"
"Lymphoma","C8254"
"Lymphoma","C8255"
"Lymphoma","C8256"
"Lymphoma","C8257"
"Lymphoma","C8258"
"Lymphoma","C8259"
"Lymphoma","C8260"
"Lymphoma","C8261"
"Lymphoma","C8262"
"Lymphoma","C8263"
"Lymphoma","C8264"
"Lymphoma","C8265"
"Lymphoma","C8266"
"Lymphoma","C8267"
"Lymphoma","C8268"
"Lymphoma","C8269"
"Lymphoma","C8280"
"Lymphoma","C8281"
"Lymphoma","C8282"
"Lymphoma","C8283"
"Lymphoma","C8284"
"Lymphoma","C8285"
"Lymphoma","C8286"
"Lymphoma","C8287"
"Lymphoma","C8288"
"Lymphoma","C8289"
"Lymphoma","C8290"
"Lymphoma","C8291"
"Lymphoma","C8292"
"Lymphoma","C8293"
"Lymphoma","C8294"
"Lymphoma","C8295"
"Lymphoma","C8296"
"Lymphoma","C8297"
"Lymphoma","C8298"
"Lymphoma","C8299"
"Lymphoma","C8300"
"Lymphoma","C8301"
"Lymphoma","C8302"
"Lymphoma","C8303"
"Lymphoma","C8304"
"Lymphoma","C8305"
"Lymphoma","C8306"
"Lymphoma","C8307"
"Lymphoma","C8308"
"Lymphoma","C8309"
"Lymphoma","C8310"
"Lymphoma","C8311"
"Lymphoma","C8312"
"Lymphoma","C8313"
"Lymphoma","C8314"
"Lymphoma","C8315"
"Lymphoma","C8316"
"Lymphoma","C8317"
"Lymphoma","C8318"
"Lymphoma","C8319"
"Lymphoma","C8330"
"Lymphoma","C8331"
"Lymphoma","C8332"
"Lymphoma","C8333"
"Lymphoma","C8334"
"Lymphoma","C8335"
"Lymphoma","C8336"
"Lymphoma","C8337"
"Lymphoma","C8338"
"Lymphoma","C8339"
"Lymphoma","C8350"
"Lymphoma","C8351"
"Lymphoma","C8352"
"Lymphoma","C8353"
"Lymphoma","C8354"
"Lymphoma","C8355"
"Lymphoma","C8356"
"Lymphoma","C8357"
"Lymphoma","C8358"
"Lymphoma","C8359"
"Lymphoma","C8370"
"Lymphoma","C8371"
"Lymphoma","C8372"
"Lymphoma","C8373"
"Lymphoma","C8374"
"Lymphoma","C8375"
"Lymphoma","C8376"
"Lymphoma","C8377"
"Lymphoma","C8378"
"Lymphoma","C8379"
"Lymphoma","C8380"
"Lymphoma","C8381"
"Lymphoma","C8382"
"Lymphoma","C8383"
"Lymphoma","C8384"
"Lymphoma","C8385"
"Lymphoma","C8386"
"Lymphoma","C8387"
"Lymphoma","C8388"
"Lymphoma","C8389"
"Lymphoma","C8390"
"Lymphoma","C8391"
"Lymphoma","C8392"
"Lymphoma","C8393"
"Lymphoma","C8394"
"Lymphoma","C8395"
"Lymphoma","C8396"
"Lymphoma","C8397"
"Lymphoma","C8398"
"Lymphoma","C8399"
"Lymphoma","C8400"
"Lymphoma","C8401"
"Lymphoma","C8402"
"Lymphoma","C8403"
"Lymphoma","C8404"
"Lymphoma","C8405"
"Lymphoma","C8406"
"Lymphoma","C8407"
"Lymphoma","C8408"
"Lymphoma","C8409"
"Lymphoma","C8410"
"Lymphoma","C8411"
"Lymphoma","C8412"
"Lymphoma","C8413"
"Lymphoma","C8414"
"Lymphoma","C8415"
"Lymphoma","C8416"
"Lymphoma","C8417"
"Lymphoma","C8418"
"Lymphoma","C8419"
"Lymphoma","C8440"
"Lymphoma","C8441"
"Lymphoma","C8442"
"Lymphoma","C8443"
"Lymphoma","C8444"
"Lymphoma","C8445"
"Lymphoma","C8446"
"Lymphoma","C8447"
"Lymphoma","C8448"
"Lymphoma","C8449"
"Lymphoma","C8460"
"Lymphoma","C8461"
"Lymphoma","C8462"
"Lymphoma","C8463"
"Lymphoma","C8464"
"Lymphoma","C8465"
"Lymphoma","C8466"
"Lymphoma","C8467"
"Lymphoma","C8468"
"Lymphoma","C8469"
"Lymphoma","C8470"
"Lymphoma","C8471"
"Lymphoma","C8472"
"Lymphoma","C8473"
"Lymphoma","C8474"
"Lymphoma","C8475"
"Lymphoma","C8476"
"Lymphoma","C8477"
"Lymphoma","C8478"
"Lymphoma","C8479"
"Lymphoma","C8490"
"Lymphoma","C8491"
"Lymphoma","C8492"
"Lymphoma","C8493"
"Lymphoma","C8494"
"Lymphoma","C8495"
"Lymphoma","C8496"
"Lymphoma","C8497"
"Lymphoma","C8498"
"Lymphoma","C8499"
"Lymphoma","C84A0"
"Lymphoma","C84A1"
"Lymphoma","C84A2"
"Lymphoma","C84A3"
"Lymphoma","C84A4"
"Lymphoma","C84A5"
"Lymphoma","C84A6"
"Lymphoma","C84A7"
"Lymphoma","C84A8"
"Lymphoma","C84A9"
"Lymphoma","C84Z0"
"Lymphoma","C84Z1"
"Lymphoma","C84Z2"
"Lymphoma","C84Z3"
"Lymphoma","C84Z4"
"Lymphoma","C84Z5"
"Lymphoma","C84Z6"
"Lymphoma","C84Z7"
"Lymphoma","C84Z8"
"Lymphoma","C84Z9"
"Lymphoma","C8510"
"Lymphoma","C8511"
"Lymphoma","C8512"
"Lymphoma","C8513"
"Lymphoma","C8514"
"Lymphoma","C8515"
"Lymphoma","C8516"
"Lymphoma","C8517"
"Lymphoma","C8518"
"Lymphoma","C8519"
"Lymphoma","C8520"
"Lymphoma","C8521"
"Lymphoma","C8522"
"Lymphoma","C8523"
"Lymphoma","C8524"
"Lymphoma","C8525"
"Lymphoma","C8526"
"Lymphoma","C8527"
"Lymphoma","C8528"
"Lymphoma","C8529"
"Lymphoma","C8580"
"Lymphoma","C8581"
"Lymphoma","C8582"
"Lymphoma","C8583"
"Lymphoma","C8584"
"Lymphoma","C8585"
"Lymphoma","C8586"
"Lymphoma","C8587"
"Lymphoma","C8588"
"Lymphoma","C8589"
"Lymphoma","C8590"
"Lymphoma","C8591"
"Lymphoma","C8592"
"Lymphoma","C8593"
"Lymphoma","C8594"
"Lymphoma","C8595"
"Lymphoma","C8596"
"Lymphoma","C8597"
"Lymphoma","C8598"
"Lymphoma","C8599"
"Lymphoma","C860"
"Lymphoma","C861"
"Lymphoma","C862"
"Lymphoma","C863"
"Lymphoma","C864"
"Lymphoma","C865"
"Lymphoma","C866"
"Lymphoma","C880"
"Lymphoma","C882"
"Lymphoma","C883"
"Lymphoma","C884"
"Lymphoma","C888"
"Lymphoma","C889"
"Lymphoma","C9000"
"Lymphoma","C9001"
"Lymphoma","C9002"
"Lymphoma","C9010"
"Lymphoma","C9011"
"Lymphoma","C9012"
"Lymphoma","C9020"
"Lymphoma","C9021"
"Lymphoma","C9022"
"Lymphoma","C9030"
"Lymphoma","C9031"
"Lymphoma","C9032"
"Lymphoma","C960"
"Lymphoma","C962"
"Lymphoma","C964"
"Lymphoma","C969"
"Lymphoma","C96A"
"Lymphoma","C96Z"
"Lymphoma","D47Z9"
"Mets","C770"
"Mets","C771"
"Mets","C772"
"Mets","C773"
"Mets","C774"
"Mets","C775"
"Mets","C778"
"Mets","C779"
"Mets","C7800"
"Mets","C7801"
"Mets","C7802"
"Mets","C781"
"Mets","C782"
"Mets","C7830"
"Mets","C7839"
"Mets","C784"
"Mets","C785"
"Mets","C786"
"Mets","C787"
"Mets","C7880"
"Mets","C7889"
"Mets","C7900"
"Mets","C7901"
"Mets","C7902"
"Mets","C7910"
"Mets","C7911"
"Mets","C7919"
"Mets","C792"
"Mets","C7931"
"Mets","C7932"
"Mets","C7940"
"Mets","C7949"
"Mets","C7951"
"Mets","C7952"
"Mets","C7960"
"Mets","C7961"
"Mets","C7962"
"Mets","C7970"
"Mets","C7971"
"Mets","C7972"
"Mets","C7981"
"Mets","C7982"
"Mets","C7989"
"Mets","C799"
"Mets","C7B00"
"Mets","C7B01"
"Mets","C7B02"
"Mets","C7B03"
"Mets","C7B04"
"Mets","C7B09"
"Mets","C7B1"
"Mets","C7B8"
"Mets","C800"
"Mets","C801"
"Mets","R180"
"Tumor","C000"
"Tumor","C001"
"Tumor","C002"
"Tumor","C003"
"Tumor","C004"
"Tumor","C005"
"Tumor","C006"
"Tumor","C008"
"Tumor","C009"
"Tumor","C01"
"Tumor","C020"
"Tumor","C021"
"Tumor","C022"
"Tumor","C023"
"Tumor","C024"
"Tumor","C028"
"Tumor","C029"
"Tumor","C030"
"Tumor","C031"
"Tumor","C039"
"Tumor","C040"
"Tumor","C041"
"Tumor","C048"
"Tumor","C049"
"Tumor","C050"
"Tumor","C051"
"Tumor","C052"
"Tumor","C058"
"Tumor","C059"
"Tumor","C060"
"Tumor","C061"
"Tumor","C062"
"Tumor","C0680"
"Tumor","C0689"
"Tumor","C069"
"Tumor","C07"
"Tumor","C080"
"Tumor","C081"
"Tumor","C089"
"Tumor","C090"
"Tumor","C091"
"Tumor","C098"
"Tumor","C099"
"Tumor","C100"
"Tumor","C101"
"Tumor","C102"
"Tumor","C103"
"Tumor","C104"
"Tumor","C108"
"Tumor","C109"
"Tumor","C110"
"Tumor","C111"
"Tumor","C112"
"Tumor","C113"
"Tumor","C118"
"Tumor","C119"
"Tumor","C12"
"Tumor","C130"
"Tumor","C131"
"Tumor","C132"
"Tumor","C138"
"Tumor","C139"
"Tumor","C140"
"Tumor","C142"
"Tumor","C148"
"Tumor","C153"
"Tumor","C154"
"Tumor","C155"
"Tumor","C158"
"Tumor","C159"
"Tumor","C160"
"Tumor","C161"
"Tumor","C162"
"Tumor","C163"
"Tumor","C164"
"Tumor","C165"
"Tumor","C166"
"Tumor","C168"
"Tumor","C169"
"Tumor","C170"
"Tumor","C171"
"Tumor","C172"
"Tumor","C173"
"Tumor","C178"
"Tumor","C179"
"Tumor","C180"
"Tumor","C181"
"Tumor","C182"
"Tumor","C183"
"Tumor","C184"
"Tumor","C185"
"Tumor","C186"
"Tumor","C187"
"Tumor","C188"
"Tumor","C189"
"Tumor","C19"
"Tumor","C20"
"Tumor","C210"
"Tumor","C211"
"Tumor","C212"
"Tumor","C218"
"Tumor","C220"
"Tumor","C221"
"Tumor","C222"
"Tumor","C223"
"Tumor","C224"
"Tumor","C227"
"Tumor","C228"
"Tumor","C229"
"Tumor","C23"
"Tumor","C240"
"Tumor","C241"
"Tumor","C248"
"Tumor","C249"
"Tumor","C250"
"Tumor","C251"
"Tumor","C252"
"Tumor","C253"
"Tumor","C254"
"Tumor","C257"
"Tumor","C258"
"Tumor","C259"
"Tumor","C260"
"Tumor","C261"
"Tumor","C269"
"Tumor","C300"
"Tumor","C301"
"Tumor","C310"
"Tumor","C311"
"Tumor","C312"
"Tumor","C313"
"Tumor","C318"
"Tumor","C319"
"Tumor","C320"
"Tumor","C321"
"Tumor","C322"
"Tumor","C323"
"Tumor","C328"
"Tumor","C329"
"Tumor","C33"
"Tumor","C3400"
"Tumor","C3401"
"Tumor","C3402"
"Tumor","C3410"
"Tumor","C3411"
"Tumor","C3412"
"Tumor","C342"
"Tumor","C3430"
"Tumor","C3431"
"Tumor","C3432"
"Tumor","C3480"
"Tumor","C3481"
"Tumor","C3482"
"Tumor","C3490"
"Tumor","C3491"
"Tumor","C3492"
"Tumor","C37"
"Tumor","C380"
"Tumor","C381"
"Tumor","C382"
"Tumor","C383"
"Tumor","C384"
"Tumor","C388"
"Tumor","C390"
"Tumor","C399"
"Tumor","C4000"
"Tumor","C4001"
"Tumor","C4002"
"Tumor","C4010"
"Tumor","C4011"
"Tumor","C4012"
"Tumor","C4020"
"Tumor","C4021"
"Tumor","C4022"
"Tumor","C4030"
"Tumor","C4031"
"Tumor","C4032"
"Tumor","C4080"
"Tumor","C4081"
"Tumor","C4082"
"Tumor","C4090"
"Tumor","C4091"
"Tumor","C4092"
"Tumor","C410"
"Tumor","C411"
"Tumor","C412"
"Tumor","C413"
"Tumor","C414"
"Tumor","C419"
"Tumor","C430"
"Tumor","C4310"
"Tumor","C4311"
"Tumor","C4312"
"Tumor","C4320"
"Tumor","C4321"
"Tumor","C4322"
"Tumor","C4330"
"Tumor","C4331"
"Tumor","C4339"
"Tumor","C434"
"Tumor","C4351"
"Tumor","C4352"
"Tumor","C4359"
"Tumor","C4360"
"Tumor","C4361"
"Tumor","C4362"
"Tumor","C4370"
"Tumor","C4371"
"Tumor","C4372"
"Tumor","C438"
"Tumor","C439"
"Tumor","C450"
"Tumor","C451"
"Tumor","C452"
"Tumor","C457"
"Tumor","C470"
"Tumor","C4710"
"Tumor","C4711"
"Tumor","C4712"
"Tumor","C4720"
"Tumor","C4721"
"Tumor","C4722"
"Tumor","C473"
"Tumor","C474"
"Tumor","C475"
"Tumor","C476"
"Tumor","C478"
"Tumor","C479"
"Tumor","C480"
"Tumor","C481"
"Tumor","C482"
"Tumor","C488"
"Tumor","C490"
"Tumor","C4910"
"Tumor","C4911"
"Tumor","C4912"
"Tumor","C4920"
"Tumor","C4921"
"Tumor","C4922"
"Tumor","C493"
"Tumor","C494"
"Tumor","C495"
"Tumor","C496"
"Tumor","C498"
"Tumor","C499"
"Tumor","C4A0"
"Tumor","C4A10"
"Tumor","C4A11"
"Tumor","C4A12"
"Tumor","C4A20"
"Tumor","C4A21"
"Tumor","C4A22"
"Tumor","C4A30"
"Tumor","C4A31"
"Tumor","C4A39"
"Tumor","C4A4"
"Tumor","C4A51"
"Tumor","C4A52"
"Tumor","C4A59"
"Tumor","C4A60"
"Tumor","C4A61"
"Tumor","C4A62"
"Tumor","C4A70"
"Tumor","C4A71"
"Tumor","C4A72"
"Tumor","C4A8"
"Tumor","C4A9"
"Tumor","C50011"
"Tumor","C50012"
"Tumor","C50019"
"Tumor","C50021"
"Tumor","C50022"
"Tumor","C50029"
"Tumor","C50111"
"Tumor","C50112"
"Tumor","C50119"
"Tumor","C50121"
"Tumor","C50122"
"Tumor","C50129"
"Tumor","C50211"
"Tumor","C50212"
"Tumor","C50219"
"Tumor","C50221"
"Tumor","C50222"
"Tumor","C50229"
"Tumor","C50311"
"Tumor","C50312"
"Tumor","C50319"
"Tumor","C50321"
"Tumor","C50322"
"Tumor","C50329"
"Tumor","C50411"
"Tumor","C50412"
"Tumor","C50419"
"Tumor","C50421"
"Tumor","C50422"
"Tumor","C50429"
"Tumor","C50511"
"Tumor","C50512"
"Tumor","C50519"
"Tumor","C50521"
"Tumor","C50522"
"Tumor","C50529"
"Tumor","C50611"
"Tumor","C50612"
"Tumor","C50619"
"Tumor","C50621"
"Tumor","C50622"
"Tumor","C50629"
"Tumor","C50811"
"Tumor","C50812"
"Tumor","C50819"
"Tumor","C50821"
"Tumor","C50822"
"Tumor","C50829"
"Tumor","C50911"
"Tumor","C50912"
"Tumor","C50919"
"Tumor","C50921"
"Tumor","C50922"
"Tumor","C50929"
"Tumor","C510"
"Tumor","C511"
"Tumor","C512"
"Tumor","C518"
"Tumor","C519"
"Tumor","C52"
"Tumor","C530"
"Tumor","C531"
"Tumor","C538"
"Tumor","C539"
"Tumor","C540"
"Tumor","C541"
"Tumor","C542"
"Tumor","C543"
"Tumor","C548"
"Tumor","C549"
"Tumor","C55"
"Tumor","C561"
"Tumor","C562"
"Tumor","C569"
"Tumor","C5700"
"Tumor","C5701"
"Tumor","C5702"
"Tumor","C5710"
"Tumor","C5711"
"Tumor","C5712"
"Tumor","C5720"
"Tumor","C5721"
"Tumor","C5722"
"Tumor","C573"
"Tumor","C574"
"Tumor","C577"
"Tumor","C578"
"Tumor","C579"
"Tumor","C58"
"Tumor","C600"
"Tumor","C601"
"Tumor","C602"
"Tumor","C608"
"Tumor","C609"
"Tumor","C61"
"Tumor","C6200"
"Tumor","C6201"
"Tumor","C6202"
"Tumor","C6210"
"Tumor","C6211"
"Tumor","C6212"
"Tumor","C6290"
"Tumor","C6291"
"Tumor","C6292"
"Tumor","C6300"
"Tumor","C6301"
"Tumor","C6302"
"Tumor","C6310"
"Tumor","C6311"
"Tumor","C6312"
"Tumor","C632"
"Tumor","C637"
"Tumor","C638"
"Tumor","C639"
"Tumor","C641"
"Tumor","C642"
"Tumor","C649"
"Tumor","C651"
"Tumor","C652"
"Tumor","C659"
"Tumor","C661"
"Tumor","C662"
"Tumor","C669"
"Tumor","C670"
"Tumor","C671"
"Tumor","C672"
"Tumor","C673"
"Tumor","C674"
"Tumor","C675"
"Tumor","C676"
"Tumor","C677"
"Tumor","C678"
"Tumor","C679"
"Tumor","C680"
"Tumor","C681"
"Tumor","C688"
"Tumor","C689"
"Tumor","C6900"
"Tumor","C6901"
"Tumor","C6902"
"Tumor","C6910"
"Tumor","C6911"
"Tumor","C6912"
"Tumor","C6920"
"Tumor","C6921"
"Tumor","C6922"
"Tumor","C6930"
"Tumor","C6931"
"Tumor","C6932"
"Tumor","C6940"
"Tumor","C6941"
"Tumor","C6942"
"Tumor","C6950"
"Tumor","C6951"
"Tumor","C6952"
"Tumor","C6960"
"Tumor","C6961"
"Tumor","C6962"
"Tumor","C6980"
"Tumor","C6981"
"Tumor","C6982"
"Tumor","C6990"
"Tumor","C6991"
"Tumor","C6992"
"Tumor","C700"
"Tumor","C701"
"Tumor","C709"
"Tumor","C710"
"Tumor","C711"
"Tumor","C712"
"Tumor","C713"
"Tumor","C714"
"Tumor","C715"
"Tumor","C716"
"Tumor","C717"
"Tumor","C718"
"Tumor","C719"
"Tumor","C720"
"Tumor","C721"
"Tumor","C7220"
"Tumor","C7221"
"Tumor","C7222"
"Tumor","C7230"
"Tumor","C7231"
"Tumor","C7232"
"Tumor","C7240"
"Tumor","C7241"
"Tumor","C7242"
"Tumor","C7250"
"Tumor","C7259"
"Tumor","C729"
"Tumor","C73"
"Tumor","C7400"
"Tumor","C7401"
"Tumor","C7402"
"Tumor","C7410"
"Tumor","C7411"
"Tumor","C7412"
"Tumor","C7490"
"Tumor","C7491"
"Tumor","C7492"
"Tumor","C750"
"Tumor","C751"
"Tumor","C752"
"Tumor","C753"
"Tumor","C754"
"Tumor","C755"
"Tumor","C758"
"Tumor","C759"
"Tumor","C760"
"Tumor","C761"
"Tumor","C762"
"Tumor","C763"
"Tumor","C7640"
"Tumor","C7641"
"Tumor","C7642"
"Tumor","C7650"
"Tumor","C7651"
"Tumor","C7652"
"Tumor","C768"
"Tumor","C7A00"
"Tumor","C7A010"
"Tumor","C7A011"
"Tumor","C7A012"
"Tumor","C7A019"
"Tumor","C7A020"
"Tumor","C7A021"
"Tumor","C7A022"
"Tumor","C7A023"
"Tumor","C7A024"
"Tumor","C7A025"
"Tumor","C7A026"
"Tumor","C7A029"
"Tumor","C7A090"
"Tumor","C7A091"
"Tumor","C7A092"
"Tumor","C7A093"
"Tumor","C7A094"
"Tumor","C7A095"
"Tumor","C7A096"
"Tumor","C7A098"
"Tumor","D030"
"Tumor","D0310"
"Tumor","D0311"
"Tumor","D0312"
"Tumor","D0320"
"Tumor","D0321"
"Tumor","D0322"
"Tumor","D0330"
"Tumor","D0339"
"Tumor","D034"
"Tumor","D0351"
"Tumor","D0352"
"Tumor","D0359"
"Tumor","D0360"
"Tumor","D0361"
"Tumor","D0362"
"Tumor","D0370"
"Tumor","D0371"
"Tumor","D0372"
"Tumor","D038"
"Tumor","D039"
"Tumor","E3121"
"Tumor","E3122"
"Tumor","E3123"
"Rheumatic","L900"
"Rheumatic","L940"
"Rheumatic","L941"
"Rheumatic","L943"
"Rheumatic","M0500"
"Rheumatic","M05011"
"Rheumatic","M05012"
"Rheumatic","M05019"
"Rheumatic","M05021"
"Rheumatic","M05022"
"Rheumatic","M05029"
"Rheumatic","M05031"
"Rheumatic","M05032"
"Rheumatic","M05039"
"Rheumatic","M05041"
"Rheumatic","M05042"
"Rheumatic","M05049"
"Rheumatic","M05051"
"Rheumatic","M05052"
"Rheumatic","M05059"
"Rheumatic","M05061"
"Rheumatic","M05062"
"Rheumatic","M05069"
"Rheumatic","M05071"
"Rheumatic","M05072"
"Rheumatic","M05079"
"Rheumatic","M0509"
"Rheumatic","M0510"
"Rheumatic","M05111"
"Rheumatic","M05112"
"Rheumatic","M05119"
"Rheumatic","M05121"
"Rheumatic","M05122"
"Rheumatic","M05129"
"Rheumatic","M05131"
"Rheumatic","M05132"
"Rheumatic","M05139"
"Rheumatic","M05141"
"Rheumatic","M05142"
"Rheumatic","M05149"
"Rheumatic","M05151"
"Rheumatic","M05152"
"Rheumatic","M05159"
"Rheumatic","M05161"
"Rheumatic","M05162"
"Rheumatic","M05169"
"Rheumatic","M05171"
"Rheumatic","M05172"
"Rheumatic","M05179"
"Rheumatic","M0519"
"Rheumatic","M0520"
"Rheumatic","M05211"
"Rheumatic","M05212"
"Rheumatic","M05219"
"Rheumatic","M05221"
"Rheumatic","M05222"
"Rheumatic","M05229"
"Rheumatic","M05231"
"Rheumatic","M05232"
"Rheumatic","M05239"
"Rheumatic","M05241"
"Rheumatic","M05242"
"Rheumatic","M05249"
"Rheumatic","M05251"
"Rheumatic","M05252"
"Rheumatic","M05259"
"Rheumatic","M05261"
"Rheumatic","M05262"
"Rheumatic","M05269"
"Rheumatic","M05271"
"Rheumatic","M05272"
"Rheumatic","M05279"
"Rheumatic","M0529"
"Rheumatic","M0530"
"Rheumatic","M05311"
"Rheumatic","M05312"
"Rheumatic","M05319"
"Rheumatic","M05321"
"Rheumatic","M05322"
"Rheumatic","M05329"
"Rheumatic","M05331"
"Rheumatic","M05332"
"Rheumatic","M05339"
"Rheumatic","M05341"
"Rheumatic","M05342"
"Rheumatic","M05349"
"Rheumatic","M05351"
"Rheumatic","M05352"
"Rheumatic","M05359"
"Rheumatic","M05361"
"Rheumatic","M05362"
"Rheumatic","M05369"
"Rheumatic","M05371"
"Rheumatic","M05372"
"Rheumatic","M05379"
"Rheumatic","M0539"
"Rheumatic","M0540"
"Rheumatic","M05411"
"Rheumatic","M05412"
"Rheumatic","M05419"
"Rheumatic","M05421"
"Rheumatic","M05422"
"Rheumatic","M05429"
"Rheumatic","M05431"
"Rheumatic","M05432"
"Rheumatic","M05439"
"Rheumatic","M05441"
"Rheumatic","M05442"
"Rheumatic","M05449"
"Rheumatic","M05451"
"Rheumatic","M05452"
"Rheumatic","M05459"
"Rheumatic","M05461"
"Rheumatic","M05462"
"Rheumatic","M05469"
"Rheumatic","M05471"
"Rheumatic","M05472"
"Rheumatic","M05479"
"Rheumatic","M0549"
"Rheumatic","M0550"
"Rheumatic","M05511"
"Rheumatic","M05512"
"Rheumatic","M05519"
"Rheumatic","M05521"
"Rheumatic","M05522"
"Rheumatic","M05529"
"Rheumatic","M05531"
"Rheumatic","M05532"
"Rheumatic","M05539"
"Rheumatic","M05541"
"Rheumatic","M05542"
"Rheumatic","M05549"
"Rheumatic","M05551"
"Rheumatic","M05552"
"Rheumatic","M05559"
"Rheumatic","M05561"
"Rheumatic","M05562"
"Rheumatic","M05569"
"Rheumatic","M05571"
"Rheumatic","M05572"
"Rheumatic","M05579"
"Rheumatic","M0559"
"Rheumatic","M0560"
"Rheumatic","M05611"
"Rheumatic","M05612"
"Rheumatic","M05619"
"Rheumatic","M05621"
"Rheumatic","M05622"
"Rheumatic","M05629"
"Rheumatic","M05631"
"Rheumatic","M05632"
"Rheumatic","M05639"
"Rheumatic","M05641"
"Rheumatic","M05642"
"Rheumatic","M05649"
"Rheumatic","M05651"
"Rheumatic","M05652"
"Rheumatic","M05659"
"Rheumatic","M05661"
"Rheumatic","M05662"
"Rheumatic","M05669"
"Rheumatic","M05671"
"Rheumatic","M05672"
"Rheumatic","M05679"
"Rheumatic","M0569"
"Rheumatic","M0570"
"Rheumatic","M05711"
"Rheumatic","M05712"
"Rheumatic","M05719"
"Rheumatic","M05721"
"Rheumatic","M05722"
"Rheumatic","M05729"
"Rheumatic","M05731"
"Rheumatic","M05732"
"Rheumatic","M05739"
"Rheumatic","M05741"
"Rheumatic","M05742"
"Rheumatic","M05749"
"Rheumatic","M05751"
"Rheumatic","M05752"
"Rheumatic","M05759"
"Rheumatic","M05761"
"Rheumatic","M05762"
"Rheumatic","M05769"
"Rheumatic","M05771"
"Rheumatic","M05772"
"Rheumatic","M05779"
"Rheumatic","M0579"
"Rheumatic","M0580"
"Rheumatic","M05811"
"Rheumatic","M05812"
"Rheumatic","M05819"
"Rheumatic","M05821"
"Rheumatic","M05822"
"Rheumatic","M05829"
"Rheumatic","M05831"
"Rheumatic","M05832"
"Rheumatic","M05839"
"Rheumatic","M05841"
"Rheumatic","M05842"
"Rheumatic","M05849"
"Rheumatic","M05851"
"Rheumatic","M05852"
"Rheumatic","M05859"
"Rheumatic","M05861"
"Rheumatic","M05862"
"Rheumatic","M05869"
"Rheumatic","M05871"
"Rheumatic","M05872"
"Rheumatic","M05879"
"Rheumatic","M0589"
"Rheumatic","M059"
"Rheumatic","M0600"
"Rheumatic","M06011"
"Rheumatic","M06012"
"Rheumatic","M06019"
"Rheumatic","M06021"
"Rheumatic","M06022"
"Rheumatic","M06029"
"Rheumatic","M06031"
"Rheumatic","M06032"
"Rheumatic","M06039"
"Rheumatic","M06041"
"Rheumatic","M06042"
"Rheumatic","M06049"
"Rheumatic","M06051"
"Rheumatic","M06052"
"Rheumatic","M06059"
"Rheumatic","M06061"
"Rheumatic","M06062"
"Rheumatic","M06069"
"Rheumatic","M06071"
"Rheumatic","M06072"
"Rheumatic","M06079"
"Rheumatic","M0608"
"Rheumatic","M0609"
"Rheumatic","M061"
"Rheumatic","M0620"
"Rheumatic","M06211"
"Rheumatic","M06212"
"Rheumatic","M06219"
"Rheumatic","M06221"
"Rheumatic","M06222"
"Rheumatic","M06229"
"Rheumatic","M06231"
"Rheumatic","M06232"
"Rheumatic","M06239"
"Rheumatic","M06241"
"Rheumatic","M06242"
"Rheumatic","M06249"
"Rheumatic","M06251"
"Rheumatic","M06252"
"Rheumatic","M06259"
"Rheumatic","M06261"
"Rheumatic","M06262"
"Rheumatic","M06269"
"Rheumatic","M06271"
"Rheumatic","M06272"
"Rheumatic","M06279"
"Rheumatic","M0628"
"Rheumatic","M0629"
"Rheumatic","M0630"
"Rheumatic","M06311"
"Rheumatic","M06312"
"Rheumatic","M06319"
"Rheumatic","M06321"
"Rheumatic","M06322"
"Rheumatic","M06329"
"Rheumatic","M06331"
"Rheumatic","M06332"
"Rheumatic","M06339"
"Rheumatic","M06341"
"Rheumatic","M06342"
"Rheumatic","M06349"
"Rheumatic","M06351"
"Rheumatic","M06352"
"Rheumatic","M06359"
"Rheumatic","M06361"
"Rheumatic","M06362"
"Rheumatic","M06369"
"Rheumatic","M06371"
"Rheumatic","M06372"
"Rheumatic","M06379"
"Rheumatic","M0638"
"Rheumatic","M0639"
"Rheumatic","M064"
"Rheumatic","M0680"
"Rheumatic","M06811"
"Rheumatic","M06812"
"Rheumatic","M06819"
"Rheumatic","M06821"
"Rheumatic","M06822"
"Rheumatic","M06829"
"Rheumatic","M06831"
"Rheumatic","M06832"
"Rheumatic","M06839"
"Rheumatic","M06841"
"Rheumatic","M06842"
"Rheumatic","M06849"
"Rheumatic","M06851"
"Rheumatic","M06852"
"Rheumatic","M06859"
"Rheumatic","M06861"
"Rheumatic","M06862"
"Rheumatic","M06869"
"Rheumatic","M06871"
"Rheumatic","M06872"
"Rheumatic","M06879"
"Rheumatic","M0688"
"Rheumatic","M0689"
"Rheumatic","M069"
"Rheumatic","M0800"
"Rheumatic","M08011"
"Rheumatic","M08012"
"Rheumatic","M08019"
"Rheumatic","M08021"
"Rheumatic","M08022"
"Rheumatic","M08029"
"Rheumatic","M08031"
"Rheumatic","M08032"
"Rheumatic","M08039"
"Rheumatic","M08041"
"Rheumatic","M08042"
"Rheumatic","M08049"
"Rheumatic","M08051"
"Rheumatic","M08052"
"Rheumatic","M08059"
"Rheumatic","M08061"
"Rheumatic","M08062"
"Rheumatic","M08069"
"Rheumatic","M08071"
"Rheumatic","M08072"
"Rheumatic","M08079"
"Rheumatic","M0808"
"Rheumatic","M0809"
"Rheumatic","M081"
"Rheumatic","M0820"
"Rheumatic","M08211"
"Rheumatic","M08212"
"Rheumatic","M08219"
"Rheumatic","M08221"
"Rheumatic","M08222"
"Rheumatic","M08229"
"Rheumatic","M08231"
"Rheumatic","M08232"
"Rheumatic","M08239"
"Rheumatic","M08241"
"Rheumatic","M08242"
"Rheumatic","M08249"
"Rheumatic","M08251"
"Rheumatic","M08252"
"Rheumatic","M08259"
"Rheumatic","M08261"
"Rheumatic","M08262"
"Rheumatic","M08269"
"Rheumatic","M08271"
"Rheumatic","M08272"
"Rheumatic","M08279"
"Rheumatic","M0828"
"Rheumatic","M0829"
"Rheumatic","M083"
"Rheumatic","M0840"
"Rheumatic","M08411"
"Rheumatic","M08412"
"Rheumatic","M08419"
"Rheumatic","M08421"
"Rheumatic","M08422"
"Rheumatic","M08429"
"Rheumatic","M08431"
"Rheumatic","M08432"
"Rheumatic","M08439"
"Rheumatic","M08441"
"Rheumatic","M08442"
"Rheumatic","M08449"
"Rheumatic","M08451"
"Rheumatic","M08452"
"Rheumatic","M08459"
"Rheumatic","M08461"
"Rheumatic","M08462"
"Rheumatic","M08469"
"Rheumatic","M08471"
"Rheumatic","M08472"
"Rheumatic","M08479"
"Rheumatic","M0848"
"Rheumatic","M0880"
"Rheumatic","M08811"
"Rheumatic","M08812"
"Rheumatic","M08819"
"Rheumatic","M08821"
"Rheumatic","M08822"
"Rheumatic","M08829"
"Rheumatic","M08831"
"Rheumatic","M08832"
"Rheumatic","M08839"
"Rheumatic","M08841"
"Rheumatic","M08842"
"Rheumatic","M08849"
"Rheumatic","M08851"
"Rheumatic","M08852"
"Rheumatic","M08859"
"Rheumatic","M08861"
"Rheumatic","M08862"
"Rheumatic","M08869"
"Rheumatic","M08871"
"Rheumatic","M08872"
"Rheumatic","M08879"
"Rheumatic","M0888"
"Rheumatic","M0889"
"Rheumatic","M0890"
"Rheumatic","M08911"
"Rheumatic","M08912"
"Rheumatic","M08919"
"Rheumatic","M08921"
"Rheumatic","M08922"
"Rheumatic","M08929"
"Rheumatic","M08931"
"Rheumatic","M08932"
"Rheumatic","M08939"
"Rheumatic","M08941"
"Rheumatic","M08942"
"Rheumatic","M08949"
"Rheumatic","M08951"
"Rheumatic","M08952"
"Rheumatic","M08959"
"Rheumatic","M08961"
"Rheumatic","M08962"
"Rheumatic","M08969"
"Rheumatic","M08971"
"Rheumatic","M08972"
"Rheumatic","M08979"
"Rheumatic","M0898"
"Rheumatic","M0899"
"Rheumatic","M1200"
"Rheumatic","M12011"
"Rheumatic","M12012"
"Rheumatic","M12019"
"Rheumatic","M12021"
"Rheumatic","M12022"
"Rheumatic","M12029"
"Rheumatic","M12031"
"Rheumatic","M12032"
"Rheumatic","M12039"
"Rheumatic","M12041"
"Rheumatic","M12042"
"Rheumatic","M12049"
"Rheumatic","M12051"
"Rheumatic","M12052"
"Rheumatic","M12059"
"Rheumatic","M12061"
"Rheumatic","M12062"
"Rheumatic","M12069"
"Rheumatic","M12071"
"Rheumatic","M12072"
"Rheumatic","M12079"
"Rheumatic","M1208"
"Rheumatic","M1209"
"Rheumatic","M320"
"Rheumatic","M3210"
"Rheumatic","M3211"
"Rheumatic","M3212"
"Rheumatic","M3213"
"Rheumatic","M3214"
"Rheumatic","M3215"
"Rheumatic","M3219"
"Rheumatic","M328"
"Rheumatic","M329"
"Rheumatic","M3300"
"Rheumatic","M3301"
"Rheumatic","M3302"
"Rheumatic","M3309"
"Rheumatic","M3310"
"Rheumatic","M3311"
"Rheumatic","M3312"
"Rheumatic","M3319"
"Rheumatic","M3320"
"Rheumatic","M3321"
"Rheumatic","M3322"
"Rheumatic","M3329"
"Rheumatic","M3390"
"Rheumatic","M3391"
"Rheumatic","M3392"
"Rheumatic","M3399"
"Rheumatic","M340"
"Rheumatic","M341"
"Rheumatic","M342"
"Rheumatic","M3481"
"Rheumatic","M3482"
"Rheumatic","M3483"
"Rheumatic","M3489"
"Rheumatic","M349"
"Rheumatic","M3500"
"Rheumatic","M3501"
"Rheumatic","M3502"
"Rheumatic","M3503"
"Rheumatic","M3504"
"Rheumatic","M3509"
"Rheumatic","M351"
"Rheumatic","M353"
"Rheumatic","M355"
"Rheumatic","M358"
"Rheumatic","M359"
"Rheumatic","M360"
"Rheumatic","M368"
"Rheumatic","M450"
"Rheumatic","M451"
"Rheumatic","M452"
"Rheumatic","M453"
"Rheumatic","M454"
"Rheumatic","M455"
"Rheumatic","M456"
"Rheumatic","M457"
"Rheumatic","M458"
"Rheumatic","M459"
"Rheumatic","M4600"
"Rheumatic","M4601"
"Rheumatic","M4602"
"Rheumatic","M4603"
"Rheumatic","M4604"
"Rheumatic","M4605"
"Rheumatic","M4606"
"Rheumatic","M4607"
"Rheumatic","M4608"
"Rheumatic","M4609"
"Rheumatic","M461"
"Rheumatic","M4650"
"Rheumatic","M4651"
"Rheumatic","M4652"
"Rheumatic","M4653"
"Rheumatic","M4654"
"Rheumatic","M4655"
"Rheumatic","M4656"
"Rheumatic","M4657"
"Rheumatic","M4658"
"Rheumatic","M4659"
"Rheumatic","M4680"
"Rheumatic","M4681"
"Rheumatic","M4682"
"Rheumatic","M4683"
"Rheumatic","M4684"
"Rheumatic","M4685"
"Rheumatic","M4686"
"Rheumatic","M4687"
"Rheumatic","M4688"
"Rheumatic","M4689"
"Rheumatic","M4690"
"Rheumatic","M4691"
"Rheumatic","M4692"
"Rheumatic","M4693"
"Rheumatic","M4694"
"Rheumatic","M4695"
"Rheumatic","M4696"
"Rheumatic","M4697"
"Rheumatic","M4698"
"Rheumatic","M4699"
"Rheumatic","M488X1"
"Rheumatic","M488X2"
"Rheumatic","M488X3"
"Rheumatic","M488X4"
"Rheumatic","M488X5"
"Rheumatic","M488X6"
"Rheumatic","M488X7"
"Rheumatic","M488X8"
"Rheumatic","M488X9"
"Rheumatic","M4980"
"Rheumatic","M4981"
"Rheumatic","M4982"
"Rheumatic","M4983"
"Rheumatic","M4984"
"Rheumatic","M4985"
"Rheumatic","M4986"
"Rheumatic","M4987"
"Rheumatic","M4988"
"Rheumatic","M4989"
"Coagulopathy","D65"
"Coagulopathy","D66"
"Coagulopathy","D67"
"Coagulopathy","D680"
"Coagulopathy","D681"
"Coagulopathy","D682"
"Coagulopathy","D68311"
"Coagulopathy","D68312"
"Coagulopathy","D68318"
"Coagulopathy","D6832"
"Coagulopathy","D684"
"Coagulopathy","D688"
"Coagulopathy","D689"
"Coagulopathy","D691"
"Coagulopathy","D693"
"Coagulopathy","D6941"
"Coagulopathy","D6942"
"Coagulopathy","D6949"
"Coagulopathy","D6951"
"Coagulopathy","D6959"
"Coagulopathy","D696"
"Coagulopathy","D7582"
"Coagulopathy","O99111"
"Coagulopathy","O99112"
"Coagulopathy","O99113"
"Coagulopathy","O99119"
"Coagulopathy","O9912"
"Coagulopathy","O9913"
"Obesity","E6601"
"Obesity","E6609"
"Obesity","E661"
"Obesity","E662"
"Obesity","E668"
"Obesity","E669"
"Obesity","O99210"
"Obesity","O99211"
"Obesity","O99212"
"Obesity","O99213"
"Obesity","O99214"
"Obesity","O99215"
"Obesity","R939"
"Obesity","Z6830"
"Obesity","Z6831"
"Obesity","Z6832"
"Obesity","Z6833"
"Obesity","Z6834"
"Obesity","Z6835"
"Obesity","Z6836"
"Obesity","Z6837"
"Obesity","Z6838"
"Obesity","Z6839"
"Obesity","Z6841"
"Obesity","Z6842"
"Obesity","Z6843"
"Obesity","Z6844"
"Obesity","Z6845"
"Obesity","Z6854"
"WeightLoss","E40"
"WeightLoss","E41"
"WeightLoss","E42"
"WeightLoss","E43"
"WeightLoss","E440"
"WeightLoss","E441"
"WeightLoss","E45"
"WeightLoss","E46"
"WeightLoss","E640"
"WeightLoss","R634"
"WeightLoss","R636"
"FluidsLytes","E860"
"FluidsLytes","E861"
"FluidsLytes","E869"
"FluidsLytes","E870"
"FluidsLytes","E871"
"FluidsLytes","E872"
"FluidsLytes","E873"
"FluidsLytes","E874"
"FluidsLytes","E875"
"FluidsLytes","E876"
"FluidsLytes","E8770"
"FluidsLytes","E8771"
"FluidsLytes","E8779"
"FluidsLytes","E878"
"BloodLoss","D500"
"BloodLoss","O9081"
"BloodLoss","O99011"
"BloodLoss","O99012"
"BloodLoss","O99013"
"BloodLoss","O99019"
"BloodLoss","O9902"
"BloodLoss","O9903"
"Anemia","D501"
"Anemia","D508"
"Anemia","D509"
"Anemia","D510"
"Anemia","D511"
"Anemia","D512"
"Anemia","D513"
"Anemia","D518"
"Anemia","D519"
"Anemia","D520"
"Anemia","D521"
"Anemia","D528"
"Anemia","D529"
"Anemia","D530"
"Anemia","D531"
"Anemia","D532"
"Anemia","D538"
"Anemia","D539"
"Anemia","D630"
"Anemia","D631"
"Anemia","D638"
"Anemia","D649"
"Alcohol","F1010"
"Alcohol","F10120"
"Alcohol","F10121"
"Alcohol","F10129"
"Alcohol","F1014"
"Alcohol","F10150"
"Alcohol","F10151"
"Alcohol","F10159"
"Alcohol","F10180"
"Alcohol","F10181"
"Alcohol","F10182"
"Alcohol","F10188"
"Alcohol","F1019"
"Alcohol","F1020"
"Alcohol","F1021"
"Alcohol","F10220"
"Alcohol","F10221"
"Alcohol","F10229"
"Alcohol","F10230"
"Alcohol","F10231"
"Alcohol","F10232"
"Alcohol","F10239"
"Alcohol","F1024"
"Alcohol","F10250"
"Alcohol","F10251"
"Alcohol","F10259"
"Alcohol","F1026"
"Alcohol","F1027"
"Alcohol","F10280"
"Alcohol","F10281"
"Alcohol","F10282"
"Alcohol","F10288"
"Alcohol","F1029"
"Alcohol","F10921"
"Alcohol","F1094"
"Alcohol","F10950"
"Alcohol","F10951"
"Alcohol","F10959"
"Alcohol","F1096"
"Alcohol","F1097"
"Alcohol","F10980"
"Alcohol","F10981"
"Alcohol","F10982"
"Alcohol","F10988"
"Alcohol","F1099"
"Drugs","F1110"
"Drugs","F11120"
"Drugs","F11122"
"Drugs","F11129"
"Drugs","F1114"
"Drugs","F11159"
"Drugs","F11181"
"Drugs","F11182"
"Drugs","F11188"
"Drugs","F1119"
"Drugs","F1120"
"Drugs","F1121"
"Drugs","F11220"
"Drugs","F11221"
"Drugs","F11222"
"Drugs","F11229"
"Drugs","F1123"
"Drugs","F1124"
"Drugs","F11250"
"Drugs","F11251"
"Drugs","F11259"
"Drugs","F11281"
"Drugs","F11282"
"Drugs","F11288"
"Drugs","F1129"
"Drugs","F1190"
"Drugs","F11922"
"Drugs","F1193"
"Drugs","F1194"
"Drugs","F11959"
"Drugs","F11981"
"Drugs","F11982"
"Drugs","F11988"
"Drugs","F1199"
"Drugs","F1210"
"Drugs","F12122"
"Drugs","F12159"
"Drugs","F12180"
"Drugs","F12188"
"Drugs","F1219"
"Drugs","F1220"
"Drugs","F1221"
"Drugs","F12220"
"Drugs","F12221"
"Drugs","F12222"
"Drugs","F12229"
"Drugs","F12250"
"Drugs","F12251"
"Drugs","F12259"
"Drugs","F12280"
"Drugs","F12288"
"Drugs","F1229"
"Drugs","F1290"
"Drugs","F12922"
"Drugs","F12959"
"Drugs","F12980"
"Drugs","F12988"
"Drugs","F1299"
"Drugs","F1310"
"Drugs","F13120"
"Drugs","F1314"
"Drugs","F13159"
"Drugs","F13180"
"Drugs","F13181"
"Drugs","F13182"
"Drugs","F13188"
"Drugs","F1319"
"Drugs","F1320"
"Drugs","F1321"
"Drugs","F13220"
"Drugs","F13221"
"Drugs","F13229"
"Drugs","F13230"
"Drugs","F13231"
"Drugs","F13232"
"Drugs","F13239"
"Drugs","F1324"
"Drugs","F13250"
"Drugs","F13251"
"Drugs","F13259"
"Drugs","F1326"
"Drugs","F1327"
"Drugs","F13280"
"Drugs","F13281"
"Drugs","F13282"
"Drugs","F13288"
"Drugs","F1329"
"Drugs","F1390"
"Drugs","F13930"
"Drugs","F13931"
"Drugs","F13932"
"Drugs","F13939"
"Drugs","F1394"
"Drugs","F13959"
"Drugs","F1396"
"Drugs","F1397"
"Drugs","F13980"
"Drugs","F13981"
"Drugs","F13982"
"Drugs","F13988"
"Drugs","F1399"
"Drugs","F1410"
"Drugs","F14120"
"Drugs","F14122"
"Drugs","F1414"
"Drugs","F14159"
"Drugs","F14180"
"Drugs","F14181"
"Drugs","F14182"
"Drugs","F14188"
"Drugs","F1419"
"Drugs","F1420"
"Drugs","F1421"
"Drugs","F14220"
"Drugs","F14221"
"Drugs","F14222"
"Drugs","F14229"
"Drugs","F1423"
"Drugs","F1424"
"Drugs","F14250"
"Drugs","F14251"
"Drugs","F14259"
"Drugs","F14280"
"Drugs","F14281"
"Drugs","F14282"
"Drugs","F14288"
"Drugs","F1429"
"Drugs","F1490"
"Drugs","F14922"
"Drugs","F1494"
"Drugs","F14959"
"Drugs","F14980"
"Drugs","F14981"
"Drugs","F14982"
"Drugs","F14988"
"Drugs","F1499"
"Drugs","F1510"
"Drugs","F15120"
"Drugs","F15122"
"Drugs","F1514"
"Drugs","F15159"
"Drugs","F15180"
"Drugs","F15181"
"Drugs","F15182"
"Drugs","F15188"
"Drugs","F1519"
"Drugs","F1520"
"Drugs","F1521"
"Drugs","F15220"
"Drugs","F15221"
"Drugs","F15222"
"Drugs","F15229"
"Drugs","F1523"
"Drugs","F1524"
"Drugs","F15250"
"Drugs","F15251"
"Drugs","F15259"
"Drugs","F15280"
"Drugs","F15281"
"Drugs","F15282"
"Drugs","F15288"
"Drugs","F1529"
"Drugs","F1590"
"Drugs","F15922"
"Drugs","F1593"
"Drugs","F1594"
"Drugs","F15959"
"Drugs","F15980"
"Drugs","F15981"
"Drugs","F15982"
"Drugs","F15988"
"Drugs","F1599"
"Drugs","F1610"
"Drugs","F16120"
"Drugs","F16122"
"Drugs","F1614"
"Drugs","F16159"
"Drugs","F16180"
"Drugs","F16183"
"Drugs","F16188"
"Drugs","F1619"
"Drugs","F1620"
"Drugs","F1621"
"Drugs","F16220"
"Drugs","F16221"
"Drugs","F16229"
"Drugs","F1624"
"Drugs","F16250"
"Drugs","F16251"
"Drugs","F16259"
"Drugs","F16280"
"Drugs","F16283"
"Drugs","F16288"
"Drugs","F1629"
"Drugs","F1690"
"Drugs","F1694"
"Drugs","F16959"
"Drugs","F16980"
"Drugs","F16983"
"Drugs","F16988"
"Drugs","F1699"
"Drugs","F1810"
"Drugs","F18120"
"Drugs","F1814"
"Drugs","F18159"
"Drugs","F1817"
"Drugs","F18180"
"Drugs","F18188"
"Drugs","F1819"
"Drugs","F1820"
"Drugs","F1821"
"Drugs","F18220"
"Drugs","F18221"
"Drugs","F18229"
"Drugs","F1824"
"Drugs","F18250"
"Drugs","F18251"
"Drugs","F18259"
"Drugs","F1827"
"Drugs","F18280"
"Drugs","F18288"
"Drugs","F1829"
"Drugs","F1890"
"Drugs","F1894"
"Drugs","F18959"
"Drugs","F1897"
"Drugs","F18980"
"Drugs","F18988"
"Drugs","F1899"
"Drugs","F1910"
"Drugs","F19120"
"Drugs","F19122"
"Drugs","F1914"
"Drugs","F19159"
"Drugs","F1916"
"Drugs","F1917"
"Drugs","F19180"
"Drugs","F19181"
"Drugs","F19182"
"Drugs","F19188"
"Drugs","F1919"
"Drugs","F1920"
"Drugs","F1921"
"Drugs","F19220"
"Drugs","F19221"
"Drugs","F19222"
"Drugs","F19229"
"Drugs","F19230"
"Drugs","F19231"
"Drugs","F19232"
"Drugs","F19239"
"Drugs","F1924"
"Drugs","F19250"
"Drugs","F19251"
"Drugs","F19259"
"Drugs","F1926"
"Drugs","F1927"
"Drugs","F19280"
"Drugs","F19281"
"Drugs","F19282"
"Drugs","F19288"
"Drugs","F1929"
"Drugs","F1990"
"Drugs","F19922"
"Drugs","F19930"
"Drugs","F19931"
"Drugs","F19932"
"Drugs","F19939"
"Drugs","F1994"
"Drugs","F19959"
"Drugs","F1996"
"Drugs","F1997"
"Drugs","F19980"
"Drugs","F19981"
"Drugs","F19982"
"Drugs","F19988"
"Drugs","F1999"
"Drugs","F550"
"Drugs","F551"
"Drugs","F552"
"Drugs","F553"
"Drugs","F554"
"Drugs","F558"
"Drugs","O99320"
"Drugs","O99321"
"Drugs","O99322"
"Drugs","O99323"
"Drugs","O99324"
"Drugs","O99325"
"Psychoses","F200"
"Psychoses","F201"
"Psychoses","F202"
"Psychoses","F203"
"Psychoses","F205"
"Psychoses","F2081"
"Psychoses","F2089"
"Psychoses","F209"
"Psychoses","F22"
"Psychoses","F23"
"Psychoses","F24"
"Psychoses","F250"
"Psychoses","F251"
"Psychoses","F258"
"Psychoses","F259"
"Psychoses","F28"
"Psychoses","F29"
"Psychoses","F3010"
"Psychoses","F3011"
"Psychoses","F3012"
"Psychoses","F3013"
"Psychoses","F302"
"Psychoses","F303"
"Psychoses","F304"
"Psychoses","F308"
"Psychoses","F309"
"Psychoses","F310"
"Psychoses","F3110"
"Psychoses","F3111"
"Psychoses","F3112"
"Psychoses","F3113"
"Psychoses","F312"
"Psychoses","F3130"
"Psychoses","F3131"
"Psychoses","F3132"
"Psychoses","F314"
"Psychoses","F315"
"Psychoses","F3160"
"Psychoses","F3161"
"Psychoses","F3162"
"Psychoses","F3163"
"Psychoses","F3164"
"Psychoses","F3170"
"Psychoses","F3171"
"Psychoses","F3172"
"Psychoses","F3173"
"Psychoses","F3174"
"Psychoses","F3175"
"Psychoses","F3176"
"Psychoses","F3177"
"Psychoses","F3178"
"Psychoses","F3181"
"Psychoses","F3189"
"Psychoses","F319"
"Psychoses","F324"
"Psychoses","F325"
"Psychoses","F3340"
"Psychoses","F3341"
"Psychoses","F3342"
"Psychoses","F348"
"Psychoses","F349"
"Psychoses","F39"
"Psychoses","F4489"
"Psychoses","F843"
"Depression","F320"
"Depression","F321"
"Depression","F322"
"Depression","F323"
"Depression","F328"
"Depression","F329"
"Depression","F330"
"Depression","F331"
"Depression","F332"
"Depression","F333"
"Depression","F338"
"Depression","F339"
"Depression","F341"
"Depression","F4321"
