"elix","ICD10"
"CHF","I099"
"CHF","I110"
"CHF","I130"
"CHF","I132"
"CHF","I255"
"CHF","I420"
"CHF","I425"
"CHF","I426"
"CHF","I427"
"CHF","I428"
"CHF","I429"
"CHF","I43"
"CHF","I50"
"CHF","I501"
"CHF","I502"
"CHF","I5020"
"CHF","I5021"
"CHF","I5022"
"CHF","I5023"
"CHF","I503"
"CHF","I5030"
"CHF","I5031"
"CHF","I5032"
"CHF","I5033"
"CHF","I504"
"CHF","I5040"
"CHF","I5041"
"CHF","I5042"
"CHF","I5043"
"CHF","I508"
"CHF","I5081"
"CHF","I50810"
"CHF","I50811"
"CHF","I50812"
"CHF","I50813"
"CHF","I50814"
"CHF","I5082"
"CHF","I5083"
"CHF","I5084"
"CHF","I5089"
"CHF","I509"
"CHF","P290"
"Arrhythmia","I441"
"Arrhythmia","I442"
"Arrhythmia","I443"
"Arrhythmia","I4430"
"Arrhythmia","I4439"
"Arrhythmia","I456"
"Arrhythmia","I459"
"Arrhythmia","I47"
"Arrhythmia","I470"
"Arrhythmia","I471"
"Arrhythmia","I472"
"Arrhythmia","I479"
"Arrhythmia","I48"
"Arrhythmia","I480"
"Arrhythmia","I481"
"Arrhythmia","I482"
"Arrhythmia","I483"
"Arrhythmia","I484"
"Arrhythmia","I489"
"Arrhythmia","I4891"
"Arrhythmia","I4892"
"Arrhythmia","I49"
"Arrhythmia","I490"
"Arrhythmia","I4901"
"Arrhythmia","I4902"
"Arrhythmia","I491"
"Arrhythmia","I492"
"Arrhythmia","I493"
"Arrhythmia","I494"
"Arrhythmia","I4940"
"Arrhythmia","I4949"
"Arrhythmia","I495"
"Arrhythmia","I498"
"Arrhythmia","I499"
"Arrhythmia","R000"
"Arrhythmia","R001"
"Arrhythmia","R008"
"Arrhythmia","T821"
"Arrhythmia","T8211"
"Arrhythmia","T82110"
"Arrhythmia","T82110A"
"Arrhythmia","T82110D"
"Arrhythmia","T82110S"
"Arrhythmia","T82111"
"Arrhythmia","T82111A"
"Arrhythmia","T82111D"
"Arrhythmia","T82111S"
"Arrhythmia","T82118"
"Arrhythmia","T82118A"
"Arrhythmia","T82118D"
"Arrhythmia","T82118S"
"Arrhythmia","T82119"
"Arrhythmia","T82119A"
"Arrhythmia","T82119D"
"Arrhythmia","T82119S"
"Arrhythmia","T8212"
"Arrhythmia","T82120"
"Arrhythmia","T82120A"
"Arrhythmia","T82120D"
"Arrhythmia","T82120S"
"Arrhythmia","T82121"
"Arrhythmia","T82121A"
"Arrhythmia","T82121D"
"Arrhythmia","T82121S"
"Arrhythmia","T82128"
"Arrhythmia","T82128A"
"Arrhythmia","T82128D"
"Arrhythmia","T82128S"
"Arrhythmia","T82129"
"Arrhythmia","T82129A"
"Arrhythmia","T82129D"
"Arrhythmia","T82129S"
"Arrhythmia","T8219"
"Arrhythmia","T82190"
"Arrhythmia","T82190A"
"Arrhythmia","T82190D"
"Arrhythmia","T82190S"
"Arrhythmia","T82191"
"Arrhythmia","T82191A"
"Arrhythmia","T82191D"
"Arrhythmia","T82191S"
"Arrhythmia","T82198"
"Arrhythmia","T82198A"
"Arrhythmia","T82198D"
"Arrhythmia","T82198S"
"Arrhythmia","T82199"
"Arrhythmia","T82199A"
"Arrhythmia","T82199D"
"Arrhythmia","T82199S"
"Arrhythmia","Z450"
"Arrhythmia","Z4501"
"Arrhythmia","Z45010"
"Arrhythmia","Z45018"
"Arrhythmia","Z4502"
"Arrhythmia","Z4509"
"Arrhythmia","Z950"
"Valvular","A520"
"Valvular","A5200"
"Valvular","A5201"
"Valvular","A5202"
"Valvular","A5203"
"Valvular","A5204"
"Valvular","A5205"
"Valvular","A5206"
"Valvular","A5209"
"Valvular","I05"
"Valvular","I050"
"Valvular","I051"
"Valvular","I052"
"Valvular","I058"
"Valvular","I059"
"Valvular","I06"
"Valvular","I060"
"Valvular","I061"
"Valvular","I062"
"Valvular","I068"
"Valvular","I069"
"Valvular","I07"
"Valvular","I070"
"Valvular","I071"
"Valvular","I072"
"Valvular","I078"
"Valvular","I079"
"Valvular","I08"
"Valvular","I080"
"Valvular","I081"
"Valvular","I082"
"Valvular","I083"
"Valvular","I088"
"Valvular","I089"
"Valvular","I091"
"Valvular","I098"
"Valvular","I0981"
"Valvular","I0989"
"Valvular","I34"
"Valvular","I340"
"Valvular","I341"
"Valvular","I342"
"Valvular","I348"
"Valvular","I349"
"Valvular","I35"
"Valvular","I350"
"Valvular","I351"
"Valvular","I352"
"Valvular","I358"
"Valvular","I359"
"Valvular","I36"
"Valvular","I360"
"Valvular","I361"
"Valvular","I362"
"Valvular","I368"
"Valvular","I369"
"Valvular","I37"
"Valvular","I370"
"Valvular","I371"
"Valvular","I372"
"Valvular","I378"
"Valvular","I379"
"Valvular","I38"
"Valvular","I39"
"Valvular","Q230"
"Valvular","Q231"
"Valvular","Q232"
"Valvular","Q233"
"Valvular","Z952"
"Valvular","Z953"
"Valvular","Z954"
"PHTN","I26"
"PHTN","I260"
"PHTN","I2601"
"PHTN","I2602"
"PHTN","I2609"
"PHTN","I269"
"PHTN","I2690"
"PHTN","I2692"
"PHTN","I2699"
"PHTN","I27"
"PHTN","I270"
"PHTN","I271"
"PHTN","I272"
"PHTN","I2720"
"PHTN","I2721"
"PHTN","I2722"
"PHTN","I2723"
"PHTN","I2724"
"PHTN","I2729"
"PHTN","I278"
"PHTN","I2781"
"PHTN","I2782"
"PHTN","I2783"
"PHTN","I2789"
"PHTN","I279"
"PHTN","I280"
"PHTN","I288"
"PHTN","I289"
"PVD","I70"
"PVD","I700"
"PVD","I701"
"PVD","I702"
"PVD","I7020"
"PVD","I70201"
"PVD","I70202"
"PVD","I70203"
"PVD","I70208"
"PVD","I70209"
"PVD","I7021"
"PVD","I70211"
"PVD","I70212"
"PVD","I70213"
"PVD","I70218"
"PVD","I70219"
"PVD","I7022"
"PVD","I70221"
"PVD","I70222"
"PVD","I70223"
"PVD","I70228"
"PVD","I70229"
"PVD","I7023"
"PVD","I70231"
"PVD","I70232"
"PVD","I70233"
"PVD","I70234"
"PVD","I70235"
"PVD","I70238"
"PVD","I70239"
"PVD","I7024"
"PVD","I70241"
"PVD","I70242"
"PVD","I70243"
"PVD","I70244"
"PVD","I70245"
"PVD","I70248"
"PVD","I70249"
"PVD","I7025"
"PVD","I7026"
"PVD","I70261"
"PVD","I70262"
"PVD","I70263"
"PVD","I70268"
"PVD","I70269"
"PVD","I7029"
"PVD","I70291"
"PVD","I70292"
"PVD","I70293"
"PVD","I70298"
"PVD","I70299"
"PVD","I703"
"PVD","I7030"
"PVD","I70301"
"PVD","I70302"
"PVD","I70303"
"PVD","I70308"
"PVD","I70309"
"PVD","I7031"
"PVD","I70311"
"PVD","I70312"
"PVD","I70313"
"PVD","I70318"
"PVD","I70319"
"PVD","I7032"
"PVD","I70321"
"PVD","I70322"
"PVD","I70323"
"PVD","I70328"
"PVD","I70329"
"PVD","I7033"
"PVD","I70331"
"PVD","I70332"
"PVD","I70333"
"PVD","I70334"
"PVD","I70335"
"PVD","I70338"
"PVD","I70339"
"PVD","I7034"
"PVD","I70341"
"PVD","I70342"
"PVD","I70343"
"PVD","I70344"
"PVD","I70345"
"PVD","I70348"
"PVD","I70349"
"PVD","I7035"
"PVD","I7036"
"PVD","I70361"
"PVD","I70362"
"PVD","I70363"
"PVD","I70368"
"PVD","I70369"
"PVD","I7039"
"PVD","I70391"
"PVD","I70392"
"PVD","I70393"
"PVD","I70398"
"PVD","I70399"
"PVD","I704"
"PVD","I7040"
"PVD","I70401"
"PVD","I70402"
"PVD","I70403"
"PVD","I70408"
"PVD","I70409"
"PVD","I7041"
"PVD","I70411"
"PVD","I70412"
"PVD","I70413"
"PVD","I70418"
"PVD","I70419"
"PVD","I7042"
"PVD","I70421"
"PVD","I70422"
"PVD","I70423"
"PVD","I70428"
"PVD","I70429"
"PVD","I7043"
"PVD","I70431"
"PVD","I70432"
"PVD","I70433"
"PVD","I70434"
"PVD","I70435"
"PVD","I70438"
"PVD","I70439"
"PVD","I7044"
"PVD","I70441"
"PVD","I70442"
"PVD","I70443"
"PVD","I70444"
"PVD","I70445"
"PVD","I70448"
"PVD","I70449"
"PVD","I7045"
"PVD","I7046"
"PVD","I70461"
"PVD","I70462"
"PVD","I70463"
"PVD","I70468"
"PVD","I70469"
"PVD","I7049"
"PVD","I70491"
"PVD","I70492"
"PVD","I70493"
"PVD","I70498"
"PVD","I70499"
"PVD","I705"
"PVD","I7050"
"PVD","I70501"
"PVD","I70502"
"PVD","I70503"
"PVD","I70508"
"PVD","I70509"
"PVD","I7051"
"PVD","I70511"
"PVD","I70512"
"PVD","I70513"
"PVD","I70518"
"PVD","I70519"
"PVD","I7052"
"PVD","I70521"
"PVD","I70522"
"PVD","I70523"
"PVD","I70528"
"PVD","I70529"
"PVD","I7053"
"PVD","I70531"
"PVD","I70532"
"PVD","I70533"
"PVD","I70534"
"PVD","I70535"
"PVD","I70538"
"PVD","I70539"
"PVD","I7054"
"PVD","I70541"
"PVD","I70542"
"PVD","I70543"
"PVD","I70544"
"PVD","I70545"
"PVD","I70548"
"PVD","I70549"
"PVD","I7055"
"PVD","I7056"
"PVD","I70561"
"PVD","I70562"
"PVD","I70563"
"PVD","I70568"
"PVD","I70569"
"PVD","I7059"
"PVD","I70591"
"PVD","I70592"
"PVD","I70593"
"PVD","I70598"
"PVD","I70599"
"PVD","I706"
"PVD","I7060"
"PVD","I70601"
"PVD","I70602"
"PVD","I70603"
"PVD","I70608"
"PVD","I70609"
"PVD","I7061"
"PVD","I70611"
"PVD","I70612"
"PVD","I70613"
"PVD","I70618"
"PVD","I70619"
"PVD","I7062"
"PVD","I70621"
"PVD","I70622"
"PVD","I70623"
"PVD","I70628"
"PVD","I70629"
"PVD","I7063"
"PVD","I70631"
"PVD","I70632"
"PVD","I70633"
"PVD","I70634"
"PVD","I70635"
"PVD","I70638"
"PVD","I70639"
"PVD","I7064"
"PVD","I70641"
"PVD","I70642"
"PVD","I70643"
"PVD","I70644"
"PVD","I70645"
"PVD","I70648"
"PVD","I70649"
"PVD","I7065"
"PVD","I7066"
"PVD","I70661"
"PVD","I70662"
"PVD","I70663"
"PVD","I70668"
"PVD","I70669"
"PVD","I7069"
"PVD","I70691"
"PVD","I70692"
"PVD","I70693"
"PVD","I70698"
"PVD","I70699"
"PVD","I707"
"PVD","I7070"
"PVD","I70701"
"PVD","I70702"
"PVD","I70703"
"PVD","I70708"
"PVD","I70709"
"PVD","I7071"
"PVD","I70711"
"PVD","I70712"
"PVD","I70713"
"PVD","I70718"
"PVD","I70719"
"PVD","I7072"
"PVD","I70721"
"PVD","I70722"
"PVD","I70723"
"PVD","I70728"
"PVD","I70729"
"PVD","I7073"
"PVD","I70731"
"PVD","I70732"
"PVD","I70733"
"PVD","I70734"
"PVD","I70735"
"PVD","I70738"
"PVD","I70739"
"PVD","I7074"
"PVD","I70741"
"PVD","I70742"
"PVD","I70743"
"PVD","I70744"
"PVD","I70745"
"PVD","I70748"
"PVD","I70749"
"PVD","I7075"
"PVD","I7076"
"PVD","I70761"
"PVD","I70762"
"PVD","I70763"
"PVD","I70768"
"PVD","I70769"
"PVD","I7079"
"PVD","I70791"
"PVD","I70792"
"PVD","I70793"
"PVD","I70798"
"PVD","I70799"
"PVD","I708"
"PVD","I709"
"PVD","I7090"
"PVD","I7091"
"PVD","I7092"
"PVD","I71"
"PVD","I710"
"PVD","I7100"
"PVD","I7101"
"PVD","I7102"
"PVD","I7103"
"PVD","I711"
"PVD","I712"
"PVD","I713"
"PVD","I714"
"PVD","I715"
"PVD","I716"
"PVD","I718"
"PVD","I719"
"PVD","I731"
"PVD","I738"
"PVD","I7381"
"PVD","I7389"
"PVD","I739"
"PVD","I771"
"PVD","I790"
"PVD","I792"
"PVD","K551"
"PVD","K558"
"PVD","K559"
"PVD","Z958"
"PVD","Z9581"
"PVD","Z95810"
"PVD","Z95811"
"PVD","Z95812"
"PVD","Z95818"
"PVD","Z9582"
"PVD","Z95820"
"PVD","Z95828"
"PVD","Z959"
"HTN","I10"
"HTNcx","I11"
"HTNcx","I110"
"HTNcx","I119"
"HTNcx","I12"
"HTNcx","I120"
"HTNcx","I129"
"HTNcx","I13"
"HTNcx","I130"
"HTNcx","I131"
"HTNcx","I1310"
"HTNcx","I1311"
"HTNcx","I132"
"HTNcx","I15"
"HTNcx","I150"
"HTNcx","I151"
"HTNcx","I152"
"HTNcx","I158"
"HTNcx","I159"
"Paralysis","G041"
"Paralysis","G114"
"Paralysis","G801"
"Paralysis","G802"
"Paralysis","G81"
"Paralysis","G810"
"Paralysis","G8100"
"Paralysis","G8101"
"Paralysis","G8102"
"Paralysis","G8103"
"Paralysis","G8104"
"Paralysis","G811"
"Paralysis","G8110"
"Paralysis","G8111"
"Paralysis","G8112"
"Paralysis","G8113"
"Paralysis","G8114"
"Paralysis","G819"
"Paralysis","G8190"
"Paralysis","G8191"
"Paralysis","G8192"
"Paralysis","G8193"
"Paralysis","G8194"
"Paralysis","G82"
"Paralysis","G822"
"Paralysis","G8220"
"Paralysis","G8221"
"Paralysis","G8222"
"Paralysis","G825"
"Paralysis","G8250"
"Paralysis","G8251"
"Paralysis","G8252"
"Paralysis","G8253"
"Paralysis","G8254"
"Paralysis","G830"
"Paralysis","G831"
"Paralysis","G8310"
"Paralysis","G8311"
"Paralysis","G8312"
"Paralysis","G8313"
"Paralysis","G8314"
"Paralysis","G832"
"Paralysis","G8320"
"Paralysis","G8321"
"Paralysis","G8322"
"Paralysis","G8323"
"Paralysis","G8324"
"Paralysis","G833"
"Paralysis","G8330"
"Paralysis","G8331"
"Paralysis","G8332"
"Paralysis","G8333"
"Paralysis","G8334"
"Paralysis","G834"
"Paralysis","G839"
"NeuroOther","G10"
"NeuroOther","G11"
"NeuroOther","G110"
"NeuroOther","G111"
"NeuroOther","G112"
"NeuroOther","G113"
"NeuroOther","G114"
"NeuroOther","G118"
"NeuroOther","G119"
"NeuroOther","G12"
"NeuroOther","G120"
"NeuroOther","G121"
"NeuroOther","G122"
"NeuroOther","G1220"
"NeuroOther","G1221"
"NeuroOther","G1222"
"NeuroOther","G1223"
"NeuroOther","G1224"
"NeuroOther","G1225"
"NeuroOther","G1229"
"NeuroOther","G128"
"NeuroOther","G129"
"NeuroOther","G13"
"NeuroOther","G130"
"NeuroOther","G131"
"NeuroOther","G132"
"NeuroOther","G138"
"NeuroOther","G20"
"NeuroOther","G21"
"NeuroOther","G210"
"NeuroOther","G211"
"NeuroOther","G2111"
"NeuroOther","G2119"
"NeuroOther","G212"
"NeuroOther","G213"
"NeuroOther","G214"
"NeuroOther","G218"
"NeuroOther","G219"
"NeuroOther","G22"
"NeuroOther","G254"
"NeuroOther","G255"
"NeuroOther","G312"
"NeuroOther","G318"
"NeuroOther","G3181"
"NeuroOther","G3182"
"NeuroOther","G3183"
"NeuroOther","G3184"
"NeuroOther","G3185"
"NeuroOther","G3189"
"NeuroOther","G319"
"NeuroOther","G32"
"NeuroOther","G320"
"NeuroOther","G328"
"NeuroOther","G3281"
"NeuroOther","G3289"
"NeuroOther","G35"
"NeuroOther","G36"
"NeuroOther","G360"
"NeuroOther","G361"
"NeuroOther","G368"
"NeuroOther","G369"
"NeuroOther","G37"
"NeuroOther","G370"
"NeuroOther","G371"
"NeuroOther","G372"
"NeuroOther","G373"
"NeuroOther","G374"
"NeuroOther","G375"
"NeuroOther","G378"
"NeuroOther","G379"
"NeuroOther","G40"
"NeuroOther","G400"
"NeuroOther","G4000"
"NeuroOther","G40001"
"NeuroOther","G40009"
"NeuroOther","G4001"
"NeuroOther","G40011"
"NeuroOther","G40019"
"NeuroOther","G401"
"NeuroOther","G4010"
"NeuroOther","G40101"
"NeuroOther","G40109"
"NeuroOther","G4011"
"NeuroOther","G40111"
"NeuroOther","G40119"
"NeuroOther","G402"
"NeuroOther","G4020"
"NeuroOther","G40201"
"NeuroOther","G40209"
"NeuroOther","G4021"
"NeuroOther","G40211"
"NeuroOther","G40219"
"NeuroOther","G403"
"NeuroOther","G4030"
"NeuroOther","G40301"
"NeuroOther","G40309"
"NeuroOther","G4031"
"NeuroOther","G40311"
"NeuroOther","G40319"
"NeuroOther","G404"
"NeuroOther","G4040"
"NeuroOther","G40401"
"NeuroOther","G40409"
"NeuroOther","G4041"
"NeuroOther","G40411"
"NeuroOther","G40419"
"NeuroOther","G405"
"NeuroOther","G4050"
"NeuroOther","G40501"
"NeuroOther","G40509"
"NeuroOther","G408"
"NeuroOther","G4080"
"NeuroOther","G40801"
"NeuroOther","G40802"
"NeuroOther","G40803"
"NeuroOther","G40804"
"NeuroOther","G4081"
"NeuroOther","G40811"
"NeuroOther","G40812"
"NeuroOther","G40813"
"NeuroOther","G40814"
"NeuroOther","G4082"
"NeuroOther","G40821"
"NeuroOther","G40822"
"NeuroOther","G40823"
"NeuroOther","G40824"
"NeuroOther","G4089"
"NeuroOther","G409"
"NeuroOther","G4090"
"NeuroOther","G40901"
"NeuroOther","G40909"
"NeuroOther","G4091"
"NeuroOther","G40911"
"NeuroOther","G40919"
"NeuroOther","G40A"
"NeuroOther","G40A0"
"NeuroOther","G40A01"
"NeuroOther","G40A09"
"NeuroOther","G40A1"
"NeuroOther","G40A11"
"NeuroOther","G40A19"
"NeuroOther","G40B"
"NeuroOther","G40B0"
"NeuroOther","G40B01"
"NeuroOther","G40B09"
"NeuroOther","G40B1"
"NeuroOther","G40B11"
"NeuroOther","G40B19"
"NeuroOther","G41"
"NeuroOther","G931"
"NeuroOther","G934"
"NeuroOther","G9340"
"NeuroOther","G9341"
"NeuroOther","G9349"
"NeuroOther","R470"
"NeuroOther","R4701"
"NeuroOther","R4702"
"NeuroOther","R56"
"NeuroOther","R560"
"NeuroOther","R5600"
"NeuroOther","R5601"
"NeuroOther","R561"
"NeuroOther","R569"
"Pulmonary","I278"
"Pulmonary","I2781"
"Pulmonary","I2782"
"Pulmonary","I2783"
"Pulmonary","I2789"
"Pulmonary","I279"
"Pulmonary","J40"
"Pulmonary","J41"
"Pulmonary","J410"
"Pulmonary","J411"
"Pulmonary","J418"
"Pulmonary","J42"
"Pulmonary","J43"
"Pulmonary","J430"
"Pulmonary","J431"
"Pulmonary","J432"
"Pulmonary","J438"
"Pulmonary","J439"
"Pulmonary","J44"
"Pulmonary","J440"
"Pulmonary","J441"
"Pulmonary","J449"
"Pulmonary","J45"
"Pulmonary","J452"
"Pulmonary","J4520"
"Pulmonary","J4521"
"Pulmonary","J4522"
"Pulmonary","J453"
"Pulmonary","J4530"
"Pulmonary","J4531"
"Pulmonary","J4532"
"Pulmonary","J454"
"Pulmonary","J4540"
"Pulmonary","J4541"
"Pulmonary","J4542"
"Pulmonary","J455"
"Pulmonary","J4550"
"Pulmonary","J4551"
"Pulmonary","J4552"
"Pulmonary","J459"
"Pulmonary","J4590"
"Pulmonary","J45901"
"Pulmonary","J45902"
"Pulmonary","J45909"
"Pulmonary","J4599"
"Pulmonary","J45990"
"Pulmonary","J45991"
"Pulmonary","J45998"
"Pulmonary","J46"
"Pulmonary","J47"
"Pulmonary","J470"
"Pulmonary","J471"
"Pulmonary","J479"
"Pulmonary","J60"
"Pulmonary","J61"
"Pulmonary","J62"
"Pulmonary","J620"
"Pulmonary","J628"
"Pulmonary","J63"
"Pulmonary","J630"
"Pulmonary","J631"
"Pulmonary","J632"
"Pulmonary","J633"
"Pulmonary","J634"
"Pulmonary","J635"
"Pulmonary","J636"
"Pulmonary","J64"
"Pulmonary","J65"
"Pulmonary","J66"
"Pulmonary","J660"
"Pulmonary","J661"
"Pulmonary","J662"
"Pulmonary","J668"
"Pulmonary","J67"
"Pulmonary","J670"
"Pulmonary","J671"
"Pulmonary","J672"
"Pulmonary","J673"
"Pulmonary","J674"
"Pulmonary","J675"
"Pulmonary","J676"
"Pulmonary","J677"
"Pulmonary","J678"
"Pulmonary","J679"
"Pulmonary","J684"
"Pulmonary","J701"
"Pulmonary","J703"
"DM","E100"
"DM","E101"
"DM","E1010"
"DM","E1011"
"DM","E109"
"DM","E110"
"DM","E1100"
"DM","E1101"
"DM","E111"
"DM","E1110"
"DM","E1111"
"DM","E119"
"DM","E120"
"DM","E121"
"DM","E129"
"DM","E130"
"DM","E1300"
"DM","E1301"
"DM","E131"
"DM","E1310"
"DM","E1311"
"DM","E139"
"DM","E140"
"DM","E141"
"DM","E149"
"DMcx","E102"
"DMcx","E1021"
"DMcx","E1022"
"DMcx","E1029"
"DMcx","E103"
"DMcx","E1031"
"DMcx","E10311"
"DMcx","E10319"
"DMcx","E1032"
"DMcx","E10321"
"DMcx","E103211"
"DMcx","E103212"
"DMcx","E103213"
"DMcx","E103219"
"DMcx","E10329"
"DMcx","E103291"
"DMcx","E103292"
"DMcx","E103293"
"DMcx","E103299"
"DMcx","E1033"
"DMcx","E10331"
"DMcx","E103311"
"DMcx","E103312"
"DMcx","E103313"
"DMcx","E103319"
"DMcx","E10339"
"DMcx","E103391"
"DMcx","E103392"
"DMcx","E103393"
"DMcx","E103399"
"DMcx","E1034"
"DMcx","E10341"
"DMcx","E103411"
"DMcx","E103412"
"DMcx","E103413"
"DMcx","E103419"
"DMcx","E10349"
"DMcx","E103491"
"DMcx","E103492"
"DMcx","E103493"
"DMcx","E103499"
"DMcx","E1035"
"DMcx","E10351"
"DMcx","E103511"
"DMcx","E103512"
"DMcx","E103513"
"DMcx","E103519"
"DMcx","E10352"
"DMcx","E103521"
"DMcx","E103522"
"DMcx","E103523"
"DMcx","E103529"
"DMcx","E10353"
"DMcx","E103531"
"DMcx","E103532"
"DMcx","E103533"
"DMcx","E103539"
"DMcx","E10354"
"DMcx","E103541"
"DMcx","E103542"
"DMcx","E103543"
"DMcx","E103549"
"DMcx","E10355"
"DMcx","E103551"
"DMcx","E103552"
"DMcx","E103553"
"DMcx","E103559"
"DMcx","E10359"
"DMcx","E103591"
"DMcx","E103592"
"DMcx","E103593"
"DMcx","E103599"
"DMcx","E1036"
"DMcx","E1037"
"DMcx","E1037X1"
"DMcx","E1037X2"
"DMcx","E1037X3"
"DMcx","E1037X9"
"DMcx","E1039"
"DMcx","E104"
"DMcx","E1040"
"DMcx","E1041"
"DMcx","E1042"
"DMcx","E1043"
"DMcx","E1044"
"DMcx","E1049"
"DMcx","E105"
"DMcx","E1051"
"DMcx","E1052"
"DMcx","E1059"
"DMcx","E106"
"DMcx","E1061"
"DMcx","E10610"
"DMcx","E10618"
"DMcx","E1062"
"DMcx","E10620"
"DMcx","E10621"
"DMcx","E10622"
"DMcx","E10628"
"DMcx","E1063"
"DMcx","E10630"
"DMcx","E10638"
"DMcx","E1064"
"DMcx","E10641"
"DMcx","E10649"
"DMcx","E1065"
"DMcx","E1069"
"DMcx","E107"
"DMcx","E108"
"DMcx","E112"
"DMcx","E1121"
"DMcx","E1122"
"DMcx","E1129"
"DMcx","E113"
"DMcx","E1131"
"DMcx","E11311"
"DMcx","E11319"
"DMcx","E1132"
"DMcx","E11321"
"DMcx","E113211"
"DMcx","E113212"
"DMcx","E113213"
"DMcx","E113219"
"DMcx","E11329"
"DMcx","E113291"
"DMcx","E113292"
"DMcx","E113293"
"DMcx","E113299"
"DMcx","E1133"
"DMcx","E11331"
"DMcx","E113311"
"DMcx","E113312"
"DMcx","E113313"
"DMcx","E113319"
"DMcx","E11339"
"DMcx","E113391"
"DMcx","E113392"
"DMcx","E113393"
"DMcx","E113399"
"DMcx","E1134"
"DMcx","E11341"
"DMcx","E113411"
"DMcx","E113412"
"DMcx","E113413"
"DMcx","E113419"
"DMcx","E11349"
"DMcx","E113491"
"DMcx","E113492"
"DMcx","E113493"
"DMcx","E113499"
"DMcx","E1135"
"DMcx","E11351"
"DMcx","E113511"
"DMcx","E113512"
"DMcx","E113513"
"DMcx","E113519"
"DMcx","E11352"
"DMcx","E113521"
"DMcx","E113522"
"DMcx","E113523"
"DMcx","E113529"
"DMcx","E11353"
"DMcx","E113531"
"DMcx","E113532"
"DMcx","E113533"
"DMcx","E113539"
"DMcx","E11354"
"DMcx","E113541"
"DMcx","E113542"
"DMcx","E113543"
"DMcx","E113549"
"DMcx","E11355"
"DMcx","E113551"
"DMcx","E113552"
"DMcx","E113553"
"DMcx","E113559"
"DMcx","E11359"
"DMcx","E113591"
"DMcx","E113592"
"DMcx","E113593"
"DMcx","E113599"
"DMcx","E1136"
"DMcx","E1137"
"DMcx","E1137X1"
"DMcx","E1137X2"
"DMcx","E1137X3"
"DMcx","E1137X9"
"DMcx","E1139"
"DMcx","E114"
"DMcx","E1140"
"DMcx","E1141"
"DMcx","E1142"
"DMcx","E1143"
"DMcx","E1144"
"DMcx","E1149"
"DMcx","E115"
"DMcx","E1151"
"DMcx","E1152"
"DMcx","E1159"
"DMcx","E116"
"DMcx","E1161"
"DMcx","E11610"
"DMcx","E11618"
"DMcx","E1162"
"DMcx","E11620"
"DMcx","E11621"
"DMcx","E11622"
"DMcx","E11628"
"DMcx","E1163"
"DMcx","E11630"
"DMcx","E11638"
"DMcx","E1164"
"DMcx","E11641"
"DMcx","E11649"
"DMcx","E1165"
"DMcx","E1169"
"DMcx","E117"
"DMcx","E118"
"DMcx","E122"
"DMcx","E123"
"DMcx","E124"
"DMcx","E125"
"DMcx","E126"
"DMcx","E127"
"DMcx","E128"
"DMcx","E132"
"DMcx","E1321"
"DMcx","E1322"
"DMcx","E1329"
"DMcx","E133"
"DMcx","E1331"
"DMcx","E13311"
"DMcx","E13319"
"DMcx","E1332"
"DMcx","E13321"
"DMcx","E133211"
"DMcx","E133212"
"DMcx","E133213"
"DMcx","E133219"
"DMcx","E13329"
"DMcx","E133291"
"DMcx","E133292"
"DMcx","E133293"
"DMcx","E133299"
"DMcx","E1333"
"DMcx","E13331"
"DMcx","E133311"
"DMcx","E133312"
"DMcx","E133313"
"DMcx","E133319"
"DMcx","E13339"
"DMcx","E133391"
"DMcx","E133392"
"DMcx","E133393"
"DMcx","E133399"
"DMcx","E1334"
"DMcx","E13341"
"DMcx","E133411"
"DMcx","E133412"
"DMcx","E133413"
"DMcx","E133419"
"DMcx","E13349"
"DMcx","E133491"
"DMcx","E133492"
"DMcx","E133493"
"DMcx","E133499"
"DMcx","E1335"
"DMcx","E13351"
"DMcx","E133511"
"DMcx","E133512"
"DMcx","E133513"
"DMcx","E133519"
"DMcx","E13352"
"DMcx","E133521"
"DMcx","E133522"
"DMcx","E133523"
"DMcx","E133529"
"DMcx","E13353"
"DMcx","E133531"
"DMcx","E133532"
"DMcx","E133533"
"DMcx","E133539"
"DMcx","E13354"
"DMcx","E133541"
"DMcx","E133542"
"DMcx","E133543"
"DMcx","E133549"
"DMcx","E13355"
"DMcx","E133551"
"DMcx","E133552"
"DMcx","E133553"
"DMcx","E133559"
"DMcx","E13359"
"DMcx","E133591"
"DMcx","E133592"
"DMcx","E133593"
"DMcx","E133599"
"DMcx","E1336"
"DMcx","E1337"
"DMcx","E1337X1"
"DMcx","E1337X2"
"DMcx","E1337X3"
"DMcx","E1337X9"
"DMcx","E1339"
"DMcx","E134"
"DMcx","E1340"
"DMcx","E1341"
"DMcx","E1342"
"DMcx","E1343"
"DMcx","E1344"
"DMcx","E1349"
"DMcx","E135"
"DMcx","E1351"
"DMcx","E1352"
"DMcx","E1359"
"DMcx","E136"
"DMcx","E1361"
"DMcx","E13610"
"DMcx","E13618"
"DMcx","E1362"
"DMcx","E13620"
"DMcx","E13621"
"DMcx","E13622"
"DMcx","E13628"
"DMcx","E1363"
"DMcx","E13630"
"DMcx","E13638"
"DMcx","E1364"
"DMcx","E13641"
"DMcx","E13649"
"DMcx","E1365"
"DMcx","E1369"
"DMcx","E137"
"DMcx","E138"
"DMcx","E142"
"DMcx","E143"
"DMcx","E144"
"DMcx","E145"
"DMcx","E146"
"DMcx","E147"
"DMcx","E148"
"Hypothyroid","E00"
"Hypothyroid","E000"
"Hypothyroid","E001"
"Hypothyroid","E002"
"Hypothyroid","E009"
"Hypothyroid","E01"
"Hypothyroid","E010"
"Hypothyroid","E011"
"Hypothyroid","E012"
"Hypothyroid","E018"
"Hypothyroid","E02"
"Hypothyroid","E03"
"Hypothyroid","E030"
"Hypothyroid","E031"
"Hypothyroid","E032"
"Hypothyroid","E033"
"Hypothyroid","E034"
"Hypothyroid","E035"
"Hypothyroid","E038"
"Hypothyroid","E039"
"Hypothyroid","E890"
"Renal","I120"
"Renal","I131"
"Renal","I1310"
"Renal","I1311"
"Renal","N18"
"Renal","N181"
"Renal","N182"
"Renal","N183"
"Renal","N184"
"Renal","N185"
"Renal","N186"
"Renal","N189"
"Renal","N19"
"Renal","N250"
"Renal","Z490"
"Renal","Z4901"
"Renal","Z4902"
"Renal","Z491"
"Renal","Z492"
"Renal","Z940"
"Renal","Z992"
"Liver","B18"
"Liver","B180"
"Liver","B181"
"Liver","B182"
"Liver","B188"
"Liver","B189"
"Liver","I85"
"Liver","I850"
"Liver","I8500"
"Liver","I8501"
"Liver","I851"
"Liver","I8510"
"Liver","I8511"
"Liver","I864"
"Liver","I982"
"Liver","K70"
"Liver","K700"
"Liver","K701"
"Liver","K7010"
"Liver","K7011"
"Liver","K702"
"Liver","K703"
"Liver","K7030"
"Liver","K7031"
"Liver","K704"
"Liver","K7040"
"Liver","K7041"
"Liver","K709"
"Liver","K711"
"Liver","K7110"
"Liver","K7111"
"Liver","K713"
"Liver","K714"
"Liver","K715"
"Liver","K7150"
"Liver","K7151"
"Liver","K717"
"Liver","K72"
"Liver","K720"
"Liver","K7200"
"Liver","K7201"
"Liver","K721"
"Liver","K7210"
"Liver","K7211"
"Liver","K729"
"Liver","K7290"
"Liver","K7291"
"Liver","K73"
"Liver","K730"
"Liver","K731"
"Liver","K732"
"Liver","K738"
"Liver","K739"
"Liver","K74"
"Liver","K740"
"Liver","K741"
"Liver","K742"
"Liver","K743"
"Liver","K744"
"Liver","K745"
"Liver","K746"
"Liver","K7460"
"Liver","K7469"
"Liver","K760"
"Liver","K762"
"Liver","K763"
"Liver","K764"
"Liver","K765"
"Liver","K766"
"Liver","K767"
"Liver","K768"
"Liver","K7681"
"Liver","K7689"
"Liver","K769"
"Liver","Z944"
"PUD","K257"
"PUD","K259"
"PUD","K267"
"PUD","K269"
"PUD","K277"
"PUD","K279"
"PUD","K287"
"PUD","K289"
"HIV","B20"
"HIV","B21"
"HIV","B22"
"HIV","B24"
"Lymphoma","C81"
"Lymphoma","C810"
"Lymphoma","C8100"
"Lymphoma","C8101"
"Lymphoma","C8102"
"Lymphoma","C8103"
"Lymphoma","C8104"
"Lymphoma","C8105"
"Lymphoma","C8106"
"Lymphoma","C8107"
"Lymphoma","C8108"
"Lymphoma","C8109"
"Lymphoma","C811"
"Lymphoma","C8110"
"Lymphoma","C8111"
"Lymphoma","C8112"
"Lymphoma","C8113"
"Lymphoma","C8114"
"Lymphoma","C8115"
"Lymphoma","C8116"
"Lymphoma","C8117"
"Lymphoma","C8118"
"Lymphoma","C8119"
"Lymphoma","C812"
"Lymphoma","C8120"
"Lymphoma","C8121"
"Lymphoma","C8122"
"Lymphoma","C8123"
"Lymphoma","C8124"
"Lymphoma","C8125"
"Lymphoma","C8126"
"Lymphoma","C8127"
"Lymphoma","C8128"
"Lymphoma","C8129"
"Lymphoma","C813"
"Lymphoma","C8130"
"Lymphoma","C8131"
"Lymphoma","C8132"
"Lymphoma","C8133"
"Lymphoma","C8134"
"Lymphoma","C8135"
"Lymphoma","C8136"
"Lymphoma","C8137"
"Lymphoma","C8138"
"Lymphoma","C8139"
"Lymphoma","C814"
"Lymphoma","C8140"
"Lymphoma","C8141"
"Lymphoma","C8142"
"Lymphoma","C8143"
"Lymphoma","C8144"
"Lymphoma","C8145"
"Lymphoma","C8146"
"Lymphoma","C8147"
"Lymphoma","C8148"
"Lymphoma","C8149"
"Lymphoma","C817"
"Lymphoma","C8170"
"Lymphoma","C8171"
"Lymphoma","C8172"
"Lymphoma","C8173"
"Lymphoma","C8174"
"Lymphoma","C8175"
"Lymphoma","C8176"
"Lymphoma","C8177"
"Lymphoma","C8178"
"Lymphoma","C8179"
"Lymphoma","C819"
"Lymphoma","C8190"
"Lymphoma","C8191"
"Lymphoma","C8192"
"Lymphoma","C8193"
"Lymphoma","C8194"
"Lymphoma","C8195"
"Lymphoma","C8196"
"Lymphoma","C8197"
"Lymphoma","C8198"
"Lymphoma","C8199"
"Lymphoma","C82"
"Lymphoma","C820"
"Lymphoma","C8200"
"Lymphoma","C8201"
"Lymphoma","C8202"
"Lymphoma","C8203"
"Lymphoma","C8204"
"Lymphoma","C8205"
"Lymphoma","C8206"
"Lymphoma","C8207"
"Lymphoma","C8208"
"Lymphoma","C8209"
"Lymphoma","C821"
"Lymphoma","C8210"
"Lymphoma","C8211"
"Lymphoma","C8212"
"Lymphoma","C8213"
"Lymphoma","C8214"
"Lymphoma","C8215"
"Lymphoma","C8216"
"Lymphoma","C8217"
"Lymphoma","C8218"
"Lymphoma","C8219"
"Lymphoma","C822"
"Lymphoma","C8220"
"Lymphoma","C8221"
"Lymphoma","C8222"
"Lymphoma","C8223"
"Lymphoma","C8224"
"Lymphoma","C8225"
"Lymphoma","C8226"
"Lymphoma","C8227"
"Lymphoma","C8228"
"Lymphoma","C8229"
"Lymphoma","C823"
"Lymphoma","C8230"
"Lymphoma","C8231"
"Lymphoma","C8232"
"Lymphoma","C8233"
"Lymphoma","C8234"
"Lymphoma","C8235"
"Lymphoma","C8236"
"Lymphoma","C8237"
"Lymphoma","C8238"
"Lymphoma","C8239"
"Lymphoma","C824"
"Lymphoma","C8240"
"Lymphoma","C8241"
"Lymphoma","C8242"
"Lymphoma","C8243"
"Lymphoma","C8244"
"Lymphoma","C8245"
"Lymphoma","C8246"
"Lymphoma","C8247"
"Lymphoma","C8248"
"Lymphoma","C8249"
"Lymphoma","C825"
"Lymphoma","C8250"
"Lymphoma","C8251"
"Lymphoma","C8252"
"Lymphoma","C8253"
"Lymphoma","C8254"
"Lymphoma","C8255"
"Lymphoma","C8256"
"Lymphoma","C8257"
"Lymphoma","C8258"
"Lymphoma","C8259"
"Lymphoma","C826"
"Lymphoma","C8260"
"Lymphoma","C8261"
"Lymphoma","C8262"
"Lymphoma","C8263"
"Lymphoma","C8264"
"Lymphoma","C8265"
"Lymphoma","C8266"
"Lymphoma","C8267"
"Lymphoma","C8268"
"Lymphoma","C8269"
"Lymphoma","C828"
"Lymphoma","C8280"
"Lymphoma","C8281"
"Lymphoma","C8282"
"Lymphoma","C8283"
"Lymphoma","C8284"
"Lymphoma","C8285"
"Lymphoma","C8286"
"Lymphoma","C8287"
"Lymphoma","C8288"
"Lymphoma","C8289"
"Lymphoma","C829"
"Lymphoma","C8290"
"Lymphoma","C8291"
"Lymphoma","C8292"
"Lymphoma","C8293"
"Lymphoma","C8294"
"Lymphoma","C8295"
"Lymphoma","C8296"
"Lymphoma","C8297"
"Lymphoma","C8298"
"Lymphoma","C8299"
"Lymphoma","C83"
"Lymphoma","C830"
"Lymphoma","C8300"
"Lymphoma","C8301"
"Lymphoma","C8302"
"Lymphoma","C8303"
"Lymphoma","C8304"
"Lymphoma","C8305"
"Lymphoma","C8306"
"Lymphoma","C8307"
"Lymphoma","C8308"
"Lymphoma","C8309"
"Lymphoma","C831"
"Lymphoma","C8310"
"Lymphoma","C8311"
"Lymphoma","C8312"
"Lymphoma","C8313"
"Lymphoma","C8314"
"Lymphoma","C8315"
"Lymphoma","C8316"
"Lymphoma","C8317"
"Lymphoma","C8318"
"Lymphoma","C8319"
"Lymphoma","C833"
"Lymphoma","C8330"
"Lymphoma","C8331"
"Lymphoma","C8332"
"Lymphoma","C8333"
"Lymphoma","C8334"
"Lymphoma","C8335"
"Lymphoma","C8336"
"Lymphoma","C8337"
"Lymphoma","C8338"
"Lymphoma","C8339"
"Lymphoma","C835"
"Lymphoma","C8350"
"Lymphoma","C8351"
"Lymphoma","C8352"
"Lymphoma","C8353"
"Lymphoma","C8354"
"Lymphoma","C8355"
"Lymphoma","C8356"
"Lymphoma","C8357"
"Lymphoma","C8358"
"Lymphoma","C8359"
"Lymphoma","C837"
"Lymphoma","C8370"
"Lymphoma","C8371"
"Lymphoma","C8372"
"Lymphoma","C8373"
"Lymphoma","C8374"
"Lymphoma","C8375"
"Lymphoma","C8376"
"Lymphoma","C8377"
"Lymphoma","C8378"
"Lymphoma","C8379"
"Lymphoma","C838"
"Lymphoma","C8380"
"Lymphoma","C8381"
"Lymphoma","C8382"
"Lymphoma","C8383"
"Lymphoma","C8384"
"Lymphoma","C8385"
"Lymphoma","C8386"
"Lymphoma","C8387"
"Lymphoma","C8388"
"Lymphoma","C8389"
"Lymphoma","C839"
"Lymphoma","C8390"
"Lymphoma","C8391"
"Lymphoma","C8392"
"Lymphoma","C8393"
"Lymphoma","C8394"
"Lymphoma","C8395"
"Lymphoma","C8396"
"Lymphoma","C8397"
"Lymphoma","C8398"
"Lymphoma","C8399"
"Lymphoma","C84"
"Lymphoma","C840"
"Lymphoma","C8400"
"Lymphoma","C8401"
"Lymphoma","C8402"
"Lymphoma","C8403"
"Lymphoma","C8404"
"Lymphoma","C8405"
"Lymphoma","C8406"
"Lymphoma","C8407"
"Lymphoma","C8408"
"Lymphoma","C8409"
"Lymphoma","C841"
"Lymphoma","C8410"
"Lymphoma","C8411"
"Lymphoma","C8412"
"Lymphoma","C8413"
"Lymphoma","C8414"
"Lymphoma","C8415"
"Lymphoma","C8416"
"Lymphoma","C8417"
"Lymphoma","C8418"
"Lymphoma","C8419"
"Lymphoma","C844"
"Lymphoma","C8440"
"Lymphoma","C8441"
"Lymphoma","C8442"
"Lymphoma","C8443"
"Lymphoma","C8444"
"Lymphoma","C8445"
"Lymphoma","C8446"
"Lymphoma","C8447"
"Lymphoma","C8448"
"Lymphoma","C8449"
"Lymphoma","C846"
"Lymphoma","C8460"
"Lymphoma","C8461"
"Lymphoma","C8462"
"Lymphoma","C8463"
"Lymphoma","C8464"
"Lymphoma","C8465"
"Lymphoma","C8466"
"Lymphoma","C8467"
"Lymphoma","C8468"
"Lymphoma","C8469"
"Lymphoma","C847"
"Lymphoma","C8470"
"Lymphoma","C8471"
"Lymphoma","C8472"
"Lymphoma","C8473"
"Lymphoma","C8474"
"Lymphoma","C8475"
"Lymphoma","C8476"
"Lymphoma","C8477"
"Lymphoma","C8478"
"Lymphoma","C8479"
"Lymphoma","C849"
"Lymphoma","C8490"
"Lymphoma","C8491"
"Lymphoma","C8492"
"Lymphoma","C8493"
"Lymphoma","C8494"
"Lymphoma","C8495"
"Lymphoma","C8496"
"Lymphoma","C8497"
"Lymphoma","C8498"
"Lymphoma","C8499"
"Lymphoma","C84A"
"Lymphoma","C84A0"
"Lymphoma","C84A1"
"Lymphoma","C84A2"
"Lymphoma","C84A3"
"Lymphoma","C84A4"
"Lymphoma","C84A5"
"Lymphoma","C84A6"
"Lymphoma","C84A7"
"Lymphoma","C84A8"
"Lymphoma","C84A9"
"Lymphoma","C84Z"
"Lymphoma","C84Z0"
"Lymphoma","C84Z1"
"Lymphoma","C84Z2"
"Lymphoma","C84Z3"
"Lymphoma","C84Z4"
"Lymphoma","C84Z5"
"Lymphoma","C84Z6"
"Lymphoma","C84Z7"
"Lymphoma","C84Z8"
"Lymphoma","C84Z9"
"Lymphoma","C85"
"Lymphoma","C851"
"Lymphoma","C8510"
"Lymphoma","C8511"
"Lymphoma","C8512"
"Lymphoma","C8513"
"Lymphoma","C8514"
"Lymphoma","C8515"
"Lymphoma","C8516"
"Lymphoma","C8517"
"Lymphoma","C8518"
"Lymphoma","C8519"
"Lymphoma","C852"
"Lymphoma","C8520"
"Lymphoma","C8521"
"Lymphoma","C8522"
"Lymphoma","C8523"
"Lymphoma","C8524"
"Lymphoma","C8525"
"Lymphoma","C8526"
"Lymphoma","C8527"
"Lymphoma","C8528"
"Lymphoma","C8529"
"Lymphoma","C858"
"Lymphoma","C8580"
"Lymphoma","C8581"
"Lymphoma","C8582"
"Lymphoma","C8583"
"Lymphoma","C8584"
"Lymphoma","C8585"
"Lymphoma","C8586"
"Lymphoma","C8587"
"Lymphoma","C8588"
"Lymphoma","C8589"
"Lymphoma","C859"
"Lymphoma","C8590"
"Lymphoma","C8591"
"Lymphoma","C8592"
"Lymphoma","C8593"
"Lymphoma","C8594"
"Lymphoma","C8595"
"Lymphoma","C8596"
"Lymphoma","C8597"
"Lymphoma","C8598"
"Lymphoma","C8599"
"Lymphoma","C88"
"Lymphoma","C880"
"Lymphoma","C882"
"Lymphoma","C883"
"Lymphoma","C884"
"Lymphoma","C888"
"Lymphoma","C889"
"Lymphoma","C900"
"Lymphoma","C9000"
"Lymphoma","C9001"
"Lymphoma","C9002"
"Lymphoma","C902"
"Lymphoma","C9020"
"Lymphoma","C9021"
"Lymphoma","C9022"
"Lymphoma","C96"
"Lymphoma","C960"
"Lymphoma","C962"
"Lymphoma","C9620"
"Lymphoma","C9621"
"Lymphoma","C9622"
"Lymphoma","C9629"
"Lymphoma","C964"
"Lymphoma","C965"
"Lymphoma","C966"
"Lymphoma","C969"
"Lymphoma","C96A"
"Lymphoma","C96Z"
"Mets","C77"
"Mets","C770"
"Mets","C771"
"Mets","C772"
"Mets","C773"
"Mets","C774"
"Mets","C775"
"Mets","C778"
"Mets","C779"
"Mets","C78"
"Mets","C780"
"Mets","C7800"
"Mets","C7801"
"Mets","C7802"
"Mets","C781"
"Mets","C782"
"Mets","C783"
"Mets","C7830"
"Mets","C7839"
"Mets","C784"
"Mets","C785"
"Mets","C786"
"Mets","C787"
"Mets","C788"
"Mets","C7880"
"Mets","C7889"
"Mets","C79"
"Mets","C790"
"Mets","C7900"
"Mets","C7901"
"Mets","C7902"
"Mets","C791"
"Mets","C7910"
"Mets","C7911"
"Mets","C7919"
"Mets","C792"
"Mets","C793"
"Mets","C7931"
"Mets","C7932"
"Mets","C794"
"Mets","C7940"
"Mets","C7949"
"Mets","C795"
"Mets","C7951"
"Mets","C7952"
"Mets","C796"
"Mets","C7960"
"Mets","C7961"
"Mets","C7962"
"Mets","C797"
"Mets","C7970"
"Mets","C7971"
"Mets","C7972"
"Mets","C798"
"Mets","C7981"
"Mets","C7982"
"Mets","C7989"
"Mets","C799"
"Mets","C80"
"Mets","C800"
"Mets","C801"
"Mets","C802"
"Tumor","C00"
"Tumor","C000"
"Tumor","C001"
"Tumor","C002"
"Tumor","C003"
"Tumor","C004"
"Tumor","C005"
"Tumor","C006"
"Tumor","C008"
"Tumor","C009"
"Tumor","C01"
"Tumor","C02"
"Tumor","C020"
"Tumor","C021"
"Tumor","C022"
"Tumor","C023"
"Tumor","C024"
"Tumor","C028"
"Tumor","C029"
"Tumor","C03"
"Tumor","C030"
"Tumor","C031"
"Tumor","C039"
"Tumor","C04"
"Tumor","C040"
"Tumor","C041"
"Tumor","C048"
"Tumor","C049"
"Tumor","C05"
"Tumor","C050"
"Tumor","C051"
"Tumor","C052"
"Tumor","C058"
"Tumor","C059"
"Tumor","C06"
"Tumor","C060"
"Tumor","C061"
"Tumor","C062"
"Tumor","C068"
"Tumor","C0680"
"Tumor","C0689"
"Tumor","C069"
"Tumor","C07"
"Tumor","C08"
"Tumor","C080"
"Tumor","C081"
"Tumor","C089"
"Tumor","C09"
"Tumor","C090"
"Tumor","C091"
"Tumor","C098"
"Tumor","C099"
"Tumor","C10"
"Tumor","C100"
"Tumor","C101"
"Tumor","C102"
"Tumor","C103"
"Tumor","C104"
"Tumor","C108"
"Tumor","C109"
"Tumor","C11"
"Tumor","C110"
"Tumor","C111"
"Tumor","C112"
"Tumor","C113"
"Tumor","C118"
"Tumor","C119"
"Tumor","C12"
"Tumor","C13"
"Tumor","C130"
"Tumor","C131"
"Tumor","C132"
"Tumor","C138"
"Tumor","C139"
"Tumor","C14"
"Tumor","C140"
"Tumor","C142"
"Tumor","C148"
"Tumor","C15"
"Tumor","C153"
"Tumor","C154"
"Tumor","C155"
"Tumor","C158"
"Tumor","C159"
"Tumor","C16"
"Tumor","C160"
"Tumor","C161"
"Tumor","C162"
"Tumor","C163"
"Tumor","C164"
"Tumor","C165"
"Tumor","C166"
"Tumor","C168"
"Tumor","C169"
"Tumor","C17"
"Tumor","C170"
"Tumor","C171"
"Tumor","C172"
"Tumor","C173"
"Tumor","C178"
"Tumor","C179"
"Tumor","C18"
"Tumor","C180"
"Tumor","C181"
"Tumor","C182"
"Tumor","C183"
"Tumor","C184"
"Tumor","C185"
"Tumor","C186"
"Tumor","C187"
"Tumor","C188"
"Tumor","C189"
"Tumor","C19"
"Tumor","C20"
"Tumor","C21"
"Tumor","C210"
"Tumor","C211"
"Tumor","C212"
"Tumor","C218"
"Tumor","C22"
"Tumor","C220"
"Tumor","C221"
"Tumor","C222"
"Tumor","C223"
"Tumor","C224"
"Tumor","C227"
"Tumor","C228"
"Tumor","C229"
"Tumor","C23"
"Tumor","C24"
"Tumor","C240"
"Tumor","C241"
"Tumor","C248"
"Tumor","C249"
"Tumor","C25"
"Tumor","C250"
"Tumor","C251"
"Tumor","C252"
"Tumor","C253"
"Tumor","C254"
"Tumor","C257"
"Tumor","C258"
"Tumor","C259"
"Tumor","C26"
"Tumor","C260"
"Tumor","C261"
"Tumor","C269"
"Tumor","C30"
"Tumor","C300"
"Tumor","C301"
"Tumor","C31"
"Tumor","C310"
"Tumor","C311"
"Tumor","C312"
"Tumor","C313"
"Tumor","C318"
"Tumor","C319"
"Tumor","C32"
"Tumor","C320"
"Tumor","C321"
"Tumor","C322"
"Tumor","C323"
"Tumor","C328"
"Tumor","C329"
"Tumor","C33"
"Tumor","C34"
"Tumor","C340"
"Tumor","C3400"
"Tumor","C3401"
"Tumor","C3402"
"Tumor","C341"
"Tumor","C3410"
"Tumor","C3411"
"Tumor","C3412"
"Tumor","C342"
"Tumor","C343"
"Tumor","C3430"
"Tumor","C3431"
"Tumor","C3432"
"Tumor","C348"
"Tumor","C3480"
"Tumor","C3481"
"Tumor","C3482"
"Tumor","C349"
"Tumor","C3490"
"Tumor","C3491"
"Tumor","C3492"
"Tumor","C37"
"Tumor","C38"
"Tumor","C380"
"Tumor","C381"
"Tumor","C382"
"Tumor","C383"
"Tumor","C384"
"Tumor","C388"
"Tumor","C39"
"Tumor","C390"
"Tumor","C399"
"Tumor","C40"
"Tumor","C400"
"Tumor","C4000"
"Tumor","C4001"
"Tumor","C4002"
"Tumor","C401"
"Tumor","C4010"
"Tumor","C4011"
"Tumor","C4012"
"Tumor","C402"
"Tumor","C4020"
"Tumor","C4021"
"Tumor","C4022"
"Tumor","C403"
"Tumor","C4030"
"Tumor","C4031"
"Tumor","C4032"
"Tumor","C408"
"Tumor","C4080"
"Tumor","C4081"
"Tumor","C4082"
"Tumor","C409"
"Tumor","C4090"
"Tumor","C4091"
"Tumor","C4092"
"Tumor","C41"
"Tumor","C410"
"Tumor","C411"
"Tumor","C412"
"Tumor","C413"
"Tumor","C414"
"Tumor","C419"
"Tumor","C43"
"Tumor","C430"
"Tumor","C431"
"Tumor","C4310"
"Tumor","C4311"
"Tumor","C43111"
"Tumor","C43112"
"Tumor","C4312"
"Tumor","C43121"
"Tumor","C43122"
"Tumor","C432"
"Tumor","C4320"
"Tumor","C4321"
"Tumor","C4322"
"Tumor","C433"
"Tumor","C4330"
"Tumor","C4331"
"Tumor","C4339"
"Tumor","C434"
"Tumor","C435"
"Tumor","C4351"
"Tumor","C4352"
"Tumor","C4359"
"Tumor","C436"
"Tumor","C4360"
"Tumor","C4361"
"Tumor","C4362"
"Tumor","C437"
"Tumor","C4370"
"Tumor","C4371"
"Tumor","C4372"
"Tumor","C438"
"Tumor","C439"
"Tumor","C45"
"Tumor","C450"
"Tumor","C451"
"Tumor","C452"
"Tumor","C457"
"Tumor","C459"
"Tumor","C46"
"Tumor","C460"
"Tumor","C461"
"Tumor","C462"
"Tumor","C463"
"Tumor","C464"
"Tumor","C465"
"Tumor","C4650"
"Tumor","C4651"
"Tumor","C4652"
"Tumor","C467"
"Tumor","C469"
"Tumor","C47"
"Tumor","C470"
"Tumor","C471"
"Tumor","C4710"
"Tumor","C4711"
"Tumor","C4712"
"Tumor","C472"
"Tumor","C4720"
"Tumor","C4721"
"Tumor","C4722"
"Tumor","C473"
"Tumor","C474"
"Tumor","C475"
"Tumor","C476"
"Tumor","C478"
"Tumor","C479"
"Tumor","C48"
"Tumor","C480"
"Tumor","C481"
"Tumor","C482"
"Tumor","C488"
"Tumor","C49"
"Tumor","C490"
"Tumor","C491"
"Tumor","C4910"
"Tumor","C4911"
"Tumor","C4912"
"Tumor","C492"
"Tumor","C4920"
"Tumor","C4921"
"Tumor","C4922"
"Tumor","C493"
"Tumor","C494"
"Tumor","C495"
"Tumor","C496"
"Tumor","C498"
"Tumor","C499"
"Tumor","C49A"
"Tumor","C49A0"
"Tumor","C49A1"
"Tumor","C49A2"
"Tumor","C49A3"
"Tumor","C49A4"
"Tumor","C49A5"
"Tumor","C49A9"
"Tumor","C50"
"Tumor","C500"
"Tumor","C5001"
"Tumor","C50011"
"Tumor","C50012"
"Tumor","C50019"
"Tumor","C5002"
"Tumor","C50021"
"Tumor","C50022"
"Tumor","C50029"
"Tumor","C501"
"Tumor","C5011"
"Tumor","C50111"
"Tumor","C50112"
"Tumor","C50119"
"Tumor","C5012"
"Tumor","C50121"
"Tumor","C50122"
"Tumor","C50129"
"Tumor","C502"
"Tumor","C5021"
"Tumor","C50211"
"Tumor","C50212"
"Tumor","C50219"
"Tumor","C5022"
"Tumor","C50221"
"Tumor","C50222"
"Tumor","C50229"
"Tumor","C503"
"Tumor","C5031"
"Tumor","C50311"
"Tumor","C50312"
"Tumor","C50319"
"Tumor","C5032"
"Tumor","C50321"
"Tumor","C50322"
"Tumor","C50329"
"Tumor","C504"
"Tumor","C5041"
"Tumor","C50411"
"Tumor","C50412"
"Tumor","C50419"
"Tumor","C5042"
"Tumor","C50421"
"Tumor","C50422"
"Tumor","C50429"
"Tumor","C505"
"Tumor","C5051"
"Tumor","C50511"
"Tumor","C50512"
"Tumor","C50519"
"Tumor","C5052"
"Tumor","C50521"
"Tumor","C50522"
"Tumor","C50529"
"Tumor","C506"
"Tumor","C5061"
"Tumor","C50611"
"Tumor","C50612"
"Tumor","C50619"
"Tumor","C5062"
"Tumor","C50621"
"Tumor","C50622"
"Tumor","C50629"
"Tumor","C508"
"Tumor","C5081"
"Tumor","C50811"
"Tumor","C50812"
"Tumor","C50819"
"Tumor","C5082"
"Tumor","C50821"
"Tumor","C50822"
"Tumor","C50829"
"Tumor","C509"
"Tumor","C5091"
"Tumor","C50911"
"Tumor","C50912"
"Tumor","C50919"
"Tumor","C5092"
"Tumor","C50921"
"Tumor","C50922"
"Tumor","C50929"
"Tumor","C51"
"Tumor","C510"
"Tumor","C511"
"Tumor","C512"
"Tumor","C518"
"Tumor","C519"
"Tumor","C52"
"Tumor","C53"
"Tumor","C530"
"Tumor","C531"
"Tumor","C538"
"Tumor","C539"
"Tumor","C54"
"Tumor","C540"
"Tumor","C541"
"Tumor","C542"
"Tumor","C543"
"Tumor","C548"
"Tumor","C549"
"Tumor","C55"
"Tumor","C56"
"Tumor","C561"
"Tumor","C562"
"Tumor","C569"
"Tumor","C57"
"Tumor","C570"
"Tumor","C5700"
"Tumor","C5701"
"Tumor","C5702"
"Tumor","C571"
"Tumor","C5710"
"Tumor","C5711"
"Tumor","C5712"
"Tumor","C572"
"Tumor","C5720"
"Tumor","C5721"
"Tumor","C5722"
"Tumor","C573"
"Tumor","C574"
"Tumor","C577"
"Tumor","C578"
"Tumor","C579"
"Tumor","C58"
"Tumor","C60"
"Tumor","C600"
"Tumor","C601"
"Tumor","C602"
"Tumor","C608"
"Tumor","C609"
"Tumor","C61"
"Tumor","C62"
"Tumor","C620"
"Tumor","C6200"
"Tumor","C6201"
"Tumor","C6202"
"Tumor","C621"
"Tumor","C6210"
"Tumor","C6211"
"Tumor","C6212"
"Tumor","C629"
"Tumor","C6290"
"Tumor","C6291"
"Tumor","C6292"
"Tumor","C63"
"Tumor","C630"
"Tumor","C6300"
"Tumor","C6301"
"Tumor","C6302"
"Tumor","C631"
"Tumor","C6310"
"Tumor","C6311"
"Tumor","C6312"
"Tumor","C632"
"Tumor","C637"
"Tumor","C638"
"Tumor","C639"
"Tumor","C64"
"Tumor","C641"
"Tumor","C642"
"Tumor","C649"
"Tumor","C65"
"Tumor","C651"
"Tumor","C652"
"Tumor","C659"
"Tumor","C66"
"Tumor","C661"
"Tumor","C662"
"Tumor","C669"
"Tumor","C67"
"Tumor","C670"
"Tumor","C671"
"Tumor","C672"
"Tumor","C673"
"Tumor","C674"
"Tumor","C675"
"Tumor","C676"
"Tumor","C677"
"Tumor","C678"
"Tumor","C679"
"Tumor","C68"
"Tumor","C680"
"Tumor","C681"
"Tumor","C688"
"Tumor","C689"
"Tumor","C69"
"Tumor","C690"
"Tumor","C6900"
"Tumor","C6901"
"Tumor","C6902"
"Tumor","C691"
"Tumor","C6910"
"Tumor","C6911"
"Tumor","C6912"
"Tumor","C692"
"Tumor","C6920"
"Tumor","C6921"
"Tumor","C6922"
"Tumor","C693"
"Tumor","C6930"
"Tumor","C6931"
"Tumor","C6932"
"Tumor","C694"
"Tumor","C6940"
"Tumor","C6941"
"Tumor","C6942"
"Tumor","C695"
"Tumor","C6950"
"Tumor","C6951"
"Tumor","C6952"
"Tumor","C696"
"Tumor","C6960"
"Tumor","C6961"
"Tumor","C6962"
"Tumor","C698"
"Tumor","C6980"
"Tumor","C6981"
"Tumor","C6982"
"Tumor","C699"
"Tumor","C6990"
"Tumor","C6991"
"Tumor","C6992"
"Tumor","C70"
"Tumor","C700"
"Tumor","C701"
"Tumor","C709"
"Tumor","C71"
"Tumor","C710"
"Tumor","C711"
"Tumor","C712"
"Tumor","C713"
"Tumor","C714"
"Tumor","C715"
"Tumor","C716"
"Tumor","C717"
"Tumor","C718"
"Tumor","C719"
"Tumor","C72"
"Tumor","C720"
"Tumor","C721"
"Tumor","C722"
"Tumor","C7220"
"Tumor","C7221"
"Tumor","C7222"
"Tumor","C723"
"Tumor","C7230"
"Tumor","C7231"
"Tumor","C7232"
"Tumor","C724"
"Tumor","C7240"
"Tumor","C7241"
"Tumor","C7242"
"Tumor","C725"
"Tumor","C7250"
"Tumor","C7259"
"Tumor","C729"
"Tumor","C73"
"Tumor","C74"
"Tumor","C740"
"Tumor","C7400"
"Tumor","C7401"
"Tumor","C7402"
"Tumor","C741"
"Tumor","C7410"
"Tumor","C7411"
"Tumor","C7412"
"Tumor","C749"
"Tumor","C7490"
"Tumor","C7491"
"Tumor","C7492"
"Tumor","C75"
"Tumor","C750"
"Tumor","C751"
"Tumor","C752"
"Tumor","C753"
"Tumor","C754"
"Tumor","C755"
"Tumor","C758"
"Tumor","C759"
"Tumor","C76"
"Tumor","C760"
"Tumor","C761"
"Tumor","C762"
"Tumor","C763"
"Tumor","C764"
"Tumor","C7640"
"Tumor","C7641"
"Tumor","C7642"
"Tumor","C765"
"Tumor","C7650"
"Tumor","C7651"
"Tumor","C7652"
"Tumor","C768"
"Tumor","C97"
"Rheumatic","L940"
"Rheumatic","L941"
"Rheumatic","L943"
"Rheumatic","M05"
"Rheumatic","M050"
"Rheumatic","M0500"
"Rheumatic","M0501"
"Rheumatic","M05011"
"Rheumatic","M05012"
"Rheumatic","M05019"
"Rheumatic","M0502"
"Rheumatic","M05021"
"Rheumatic","M05022"
"Rheumatic","M05029"
"Rheumatic","M0503"
"Rheumatic","M05031"
"Rheumatic","M05032"
"Rheumatic","M05039"
"Rheumatic","M0504"
"Rheumatic","M05041"
"Rheumatic","M05042"
"Rheumatic","M05049"
"Rheumatic","M0505"
"Rheumatic","M05051"
"Rheumatic","M05052"
"Rheumatic","M05059"
"Rheumatic","M0506"
"Rheumatic","M05061"
"Rheumatic","M05062"
"Rheumatic","M05069"
"Rheumatic","M0507"
"Rheumatic","M05071"
"Rheumatic","M05072"
"Rheumatic","M05079"
"Rheumatic","M0509"
"Rheumatic","M051"
"Rheumatic","M0510"
"Rheumatic","M0511"
"Rheumatic","M05111"
"Rheumatic","M05112"
"Rheumatic","M05119"
"Rheumatic","M0512"
"Rheumatic","M05121"
"Rheumatic","M05122"
"Rheumatic","M05129"
"Rheumatic","M0513"
"Rheumatic","M05131"
"Rheumatic","M05132"
"Rheumatic","M05139"
"Rheumatic","M0514"
"Rheumatic","M05141"
"Rheumatic","M05142"
"Rheumatic","M05149"
"Rheumatic","M0515"
"Rheumatic","M05151"
"Rheumatic","M05152"
"Rheumatic","M05159"
"Rheumatic","M0516"
"Rheumatic","M05161"
"Rheumatic","M05162"
"Rheumatic","M05169"
"Rheumatic","M0517"
"Rheumatic","M05171"
"Rheumatic","M05172"
"Rheumatic","M05179"
"Rheumatic","M0519"
"Rheumatic","M052"
"Rheumatic","M0520"
"Rheumatic","M0521"
"Rheumatic","M05211"
"Rheumatic","M05212"
"Rheumatic","M05219"
"Rheumatic","M0522"
"Rheumatic","M05221"
"Rheumatic","M05222"
"Rheumatic","M05229"
"Rheumatic","M0523"
"Rheumatic","M05231"
"Rheumatic","M05232"
"Rheumatic","M05239"
"Rheumatic","M0524"
"Rheumatic","M05241"
"Rheumatic","M05242"
"Rheumatic","M05249"
"Rheumatic","M0525"
"Rheumatic","M05251"
"Rheumatic","M05252"
"Rheumatic","M05259"
"Rheumatic","M0526"
"Rheumatic","M05261"
"Rheumatic","M05262"
"Rheumatic","M05269"
"Rheumatic","M0527"
"Rheumatic","M05271"
"Rheumatic","M05272"
"Rheumatic","M05279"
"Rheumatic","M0529"
"Rheumatic","M053"
"Rheumatic","M0530"
"Rheumatic","M0531"
"Rheumatic","M05311"
"Rheumatic","M05312"
"Rheumatic","M05319"
"Rheumatic","M0532"
"Rheumatic","M05321"
"Rheumatic","M05322"
"Rheumatic","M05329"
"Rheumatic","M0533"
"Rheumatic","M05331"
"Rheumatic","M05332"
"Rheumatic","M05339"
"Rheumatic","M0534"
"Rheumatic","M05341"
"Rheumatic","M05342"
"Rheumatic","M05349"
"Rheumatic","M0535"
"Rheumatic","M05351"
"Rheumatic","M05352"
"Rheumatic","M05359"
"Rheumatic","M0536"
"Rheumatic","M05361"
"Rheumatic","M05362"
"Rheumatic","M05369"
"Rheumatic","M0537"
"Rheumatic","M05371"
"Rheumatic","M05372"
"Rheumatic","M05379"
"Rheumatic","M0539"
"Rheumatic","M054"
"Rheumatic","M0540"
"Rheumatic","M0541"
"Rheumatic","M05411"
"Rheumatic","M05412"
"Rheumatic","M05419"
"Rheumatic","M0542"
"Rheumatic","M05421"
"Rheumatic","M05422"
"Rheumatic","M05429"
"Rheumatic","M0543"
"Rheumatic","M05431"
"Rheumatic","M05432"
"Rheumatic","M05439"
"Rheumatic","M0544"
"Rheumatic","M05441"
"Rheumatic","M05442"
"Rheumatic","M05449"
"Rheumatic","M0545"
"Rheumatic","M05451"
"Rheumatic","M05452"
"Rheumatic","M05459"
"Rheumatic","M0546"
"Rheumatic","M05461"
"Rheumatic","M05462"
"Rheumatic","M05469"
"Rheumatic","M0547"
"Rheumatic","M05471"
"Rheumatic","M05472"
"Rheumatic","M05479"
"Rheumatic","M0549"
"Rheumatic","M055"
"Rheumatic","M0550"
"Rheumatic","M0551"
"Rheumatic","M05511"
"Rheumatic","M05512"
"Rheumatic","M05519"
"Rheumatic","M0552"
"Rheumatic","M05521"
"Rheumatic","M05522"
"Rheumatic","M05529"
"Rheumatic","M0553"
"Rheumatic","M05531"
"Rheumatic","M05532"
"Rheumatic","M05539"
"Rheumatic","M0554"
"Rheumatic","M05541"
"Rheumatic","M05542"
"Rheumatic","M05549"
"Rheumatic","M0555"
"Rheumatic","M05551"
"Rheumatic","M05552"
"Rheumatic","M05559"
"Rheumatic","M0556"
"Rheumatic","M05561"
"Rheumatic","M05562"
"Rheumatic","M05569"
"Rheumatic","M0557"
"Rheumatic","M05571"
"Rheumatic","M05572"
"Rheumatic","M05579"
"Rheumatic","M0559"
"Rheumatic","M056"
"Rheumatic","M0560"
"Rheumatic","M0561"
"Rheumatic","M05611"
"Rheumatic","M05612"
"Rheumatic","M05619"
"Rheumatic","M0562"
"Rheumatic","M05621"
"Rheumatic","M05622"
"Rheumatic","M05629"
"Rheumatic","M0563"
"Rheumatic","M05631"
"Rheumatic","M05632"
"Rheumatic","M05639"
"Rheumatic","M0564"
"Rheumatic","M05641"
"Rheumatic","M05642"
"Rheumatic","M05649"
"Rheumatic","M0565"
"Rheumatic","M05651"
"Rheumatic","M05652"
"Rheumatic","M05659"
"Rheumatic","M0566"
"Rheumatic","M05661"
"Rheumatic","M05662"
"Rheumatic","M05669"
"Rheumatic","M0567"
"Rheumatic","M05671"
"Rheumatic","M05672"
"Rheumatic","M05679"
"Rheumatic","M0569"
"Rheumatic","M057"
"Rheumatic","M0570"
"Rheumatic","M0571"
"Rheumatic","M05711"
"Rheumatic","M05712"
"Rheumatic","M05719"
"Rheumatic","M0572"
"Rheumatic","M05721"
"Rheumatic","M05722"
"Rheumatic","M05729"
"Rheumatic","M0573"
"Rheumatic","M05731"
"Rheumatic","M05732"
"Rheumatic","M05739"
"Rheumatic","M0574"
"Rheumatic","M05741"
"Rheumatic","M05742"
"Rheumatic","M05749"
"Rheumatic","M0575"
"Rheumatic","M05751"
"Rheumatic","M05752"
"Rheumatic","M05759"
"Rheumatic","M0576"
"Rheumatic","M05761"
"Rheumatic","M05762"
"Rheumatic","M05769"
"Rheumatic","M0577"
"Rheumatic","M05771"
"Rheumatic","M05772"
"Rheumatic","M05779"
"Rheumatic","M0579"
"Rheumatic","M058"
"Rheumatic","M0580"
"Rheumatic","M0581"
"Rheumatic","M05811"
"Rheumatic","M05812"
"Rheumatic","M05819"
"Rheumatic","M0582"
"Rheumatic","M05821"
"Rheumatic","M05822"
"Rheumatic","M05829"
"Rheumatic","M0583"
"Rheumatic","M05831"
"Rheumatic","M05832"
"Rheumatic","M05839"
"Rheumatic","M0584"
"Rheumatic","M05841"
"Rheumatic","M05842"
"Rheumatic","M05849"
"Rheumatic","M0585"
"Rheumatic","M05851"
"Rheumatic","M05852"
"Rheumatic","M05859"
"Rheumatic","M0586"
"Rheumatic","M05861"
"Rheumatic","M05862"
"Rheumatic","M05869"
"Rheumatic","M0587"
"Rheumatic","M05871"
"Rheumatic","M05872"
"Rheumatic","M05879"
"Rheumatic","M0589"
"Rheumatic","M059"
"Rheumatic","M06"
"Rheumatic","M060"
"Rheumatic","M0600"
"Rheumatic","M0601"
"Rheumatic","M06011"
"Rheumatic","M06012"
"Rheumatic","M06019"
"Rheumatic","M0602"
"Rheumatic","M06021"
"Rheumatic","M06022"
"Rheumatic","M06029"
"Rheumatic","M0603"
"Rheumatic","M06031"
"Rheumatic","M06032"
"Rheumatic","M06039"
"Rheumatic","M0604"
"Rheumatic","M06041"
"Rheumatic","M06042"
"Rheumatic","M06049"
"Rheumatic","M0605"
"Rheumatic","M06051"
"Rheumatic","M06052"
"Rheumatic","M06059"
"Rheumatic","M0606"
"Rheumatic","M06061"
"Rheumatic","M06062"
"Rheumatic","M06069"
"Rheumatic","M0607"
"Rheumatic","M06071"
"Rheumatic","M06072"
"Rheumatic","M06079"
"Rheumatic","M0608"
"Rheumatic","M0609"
"Rheumatic","M061"
"Rheumatic","M062"
"Rheumatic","M0620"
"Rheumatic","M0621"
"Rheumatic","M06211"
"Rheumatic","M06212"
"Rheumatic","M06219"
"Rheumatic","M0622"
"Rheumatic","M06221"
"Rheumatic","M06222"
"Rheumatic","M06229"
"Rheumatic","M0623"
"Rheumatic","M06231"
"Rheumatic","M06232"
"Rheumatic","M06239"
"Rheumatic","M0624"
"Rheumatic","M06241"
"Rheumatic","M06242"
"Rheumatic","M06249"
"Rheumatic","M0625"
"Rheumatic","M06251"
"Rheumatic","M06252"
"Rheumatic","M06259"
"Rheumatic","M0626"
"Rheumatic","M06261"
"Rheumatic","M06262"
"Rheumatic","M06269"
"Rheumatic","M0627"
"Rheumatic","M06271"
"Rheumatic","M06272"
"Rheumatic","M06279"
"Rheumatic","M0628"
"Rheumatic","M0629"
"Rheumatic","M063"
"Rheumatic","M0630"
"Rheumatic","M0631"
"Rheumatic","M06311"
"Rheumatic","M06312"
"Rheumatic","M06319"
"Rheumatic","M0632"
"Rheumatic","M06321"
"Rheumatic","M06322"
"Rheumatic","M06329"
"Rheumatic","M0633"
"Rheumatic","M06331"
"Rheumatic","M06332"
"Rheumatic","M06339"
"Rheumatic","M0634"
"Rheumatic","M06341"
"Rheumatic","M06342"
"Rheumatic","M06349"
"Rheumatic","M0635"
"Rheumatic","M06351"
"Rheumatic","M06352"
"Rheumatic","M06359"
"Rheumatic","M0636"
"Rheumatic","M06361"
"Rheumatic","M06362"
"Rheumatic","M06369"
"Rheumatic","M0637"
"Rheumatic","M06371"
"Rheumatic","M06372"
"Rheumatic","M06379"
"Rheumatic","M0638"
"Rheumatic","M0639"
"Rheumatic","M064"
"Rheumatic","M068"
"Rheumatic","M0680"
"Rheumatic","M0681"
"Rheumatic","M06811"
"Rheumatic","M06812"
"Rheumatic","M06819"
"Rheumatic","M0682"
"Rheumatic","M06821"
"Rheumatic","M06822"
"Rheumatic","M06829"
"Rheumatic","M0683"
"Rheumatic","M06831"
"Rheumatic","M06832"
"Rheumatic","M06839"
"Rheumatic","M0684"
"Rheumatic","M06841"
"Rheumatic","M06842"
"Rheumatic","M06849"
"Rheumatic","M0685"
"Rheumatic","M06851"
"Rheumatic","M06852"
"Rheumatic","M06859"
"Rheumatic","M0686"
"Rheumatic","M06861"
"Rheumatic","M06862"
"Rheumatic","M06869"
"Rheumatic","M0687"
"Rheumatic","M06871"
"Rheumatic","M06872"
"Rheumatic","M06879"
"Rheumatic","M0688"
"Rheumatic","M0689"
"Rheumatic","M069"
"Rheumatic","M08"
"Rheumatic","M080"
"Rheumatic","M0800"
"Rheumatic","M0801"
"Rheumatic","M08011"
"Rheumatic","M08012"
"Rheumatic","M08019"
"Rheumatic","M0802"
"Rheumatic","M08021"
"Rheumatic","M08022"
"Rheumatic","M08029"
"Rheumatic","M0803"
"Rheumatic","M08031"
"Rheumatic","M08032"
"Rheumatic","M08039"
"Rheumatic","M0804"
"Rheumatic","M08041"
"Rheumatic","M08042"
"Rheumatic","M08049"
"Rheumatic","M0805"
"Rheumatic","M08051"
"Rheumatic","M08052"
"Rheumatic","M08059"
"Rheumatic","M0806"
"Rheumatic","M08061"
"Rheumatic","M08062"
"Rheumatic","M08069"
"Rheumatic","M0807"
"Rheumatic","M08071"
"Rheumatic","M08072"
"Rheumatic","M08079"
"Rheumatic","M0808"
"Rheumatic","M0809"
"Rheumatic","M081"
"Rheumatic","M082"
"Rheumatic","M0820"
"Rheumatic","M0821"
"Rheumatic","M08211"
"Rheumatic","M08212"
"Rheumatic","M08219"
"Rheumatic","M0822"
"Rheumatic","M08221"
"Rheumatic","M08222"
"Rheumatic","M08229"
"Rheumatic","M0823"
"Rheumatic","M08231"
"Rheumatic","M08232"
"Rheumatic","M08239"
"Rheumatic","M0824"
"Rheumatic","M08241"
"Rheumatic","M08242"
"Rheumatic","M08249"
"Rheumatic","M0825"
"Rheumatic","M08251"
"Rheumatic","M08252"
"Rheumatic","M08259"
"Rheumatic","M0826"
"Rheumatic","M08261"
"Rheumatic","M08262"
"Rheumatic","M08269"
"Rheumatic","M0827"
"Rheumatic","M08271"
"Rheumatic","M08272"
"Rheumatic","M08279"
"Rheumatic","M0828"
"Rheumatic","M0829"
"Rheumatic","M083"
"Rheumatic","M084"
"Rheumatic","M0840"
"Rheumatic","M0841"
"Rheumatic","M08411"
"Rheumatic","M08412"
"Rheumatic","M08419"
"Rheumatic","M0842"
"Rheumatic","M08421"
"Rheumatic","M08422"
"Rheumatic","M08429"
"Rheumatic","M0843"
"Rheumatic","M08431"
"Rheumatic","M08432"
"Rheumatic","M08439"
"Rheumatic","M0844"
"Rheumatic","M08441"
"Rheumatic","M08442"
"Rheumatic","M08449"
"Rheumatic","M0845"
"Rheumatic","M08451"
"Rheumatic","M08452"
"Rheumatic","M08459"
"Rheumatic","M0846"
"Rheumatic","M08461"
"Rheumatic","M08462"
"Rheumatic","M08469"
"Rheumatic","M0847"
"Rheumatic","M08471"
"Rheumatic","M08472"
"Rheumatic","M08479"
"Rheumatic","M0848"
"Rheumatic","M088"
"Rheumatic","M0880"
"Rheumatic","M0881"
"Rheumatic","M08811"
"Rheumatic","M08812"
"Rheumatic","M08819"
"Rheumatic","M0882"
"Rheumatic","M08821"
"Rheumatic","M08822"
"Rheumatic","M08829"
"Rheumatic","M0883"
"Rheumatic","M08831"
"Rheumatic","M08832"
"Rheumatic","M08839"
"Rheumatic","M0884"
"Rheumatic","M08841"
"Rheumatic","M08842"
"Rheumatic","M08849"
"Rheumatic","M0885"
"Rheumatic","M08851"
"Rheumatic","M08852"
"Rheumatic","M08859"
"Rheumatic","M0886"
"Rheumatic","M08861"
"Rheumatic","M08862"
"Rheumatic","M08869"
"Rheumatic","M0887"
"Rheumatic","M08871"
"Rheumatic","M08872"
"Rheumatic","M08879"
"Rheumatic","M0888"
"Rheumatic","M0889"
"Rheumatic","M089"
"Rheumatic","M0890"
"Rheumatic","M0891"
"Rheumatic","M08911"
"Rheumatic","M08912"
"Rheumatic","M08919"
"Rheumatic","M0892"
"Rheumatic","M08921"
"Rheumatic","M08922"
"Rheumatic","M08929"
"Rheumatic","M0893"
"Rheumatic","M08931"
"Rheumatic","M08932"
"Rheumatic","M08939"
"Rheumatic","M0894"
"Rheumatic","M08941"
"Rheumatic","M08942"
"Rheumatic","M08949"
"Rheumatic","M0895"
"Rheumatic","M08951"
"Rheumatic","M08952"
"Rheumatic","M08959"
"Rheumatic","M0896"
"Rheumatic","M08961"
"Rheumatic","M08962"
"Rheumatic","M08969"
"Rheumatic","M0897"
"Rheumatic","M08971"
"Rheumatic","M08972"
"Rheumatic","M08979"
"Rheumatic","M0898"
"Rheumatic","M0899"
"Rheumatic","M120"
"Rheumatic","M1200"
"Rheumatic","M1201"
"Rheumatic","M12011"
"Rheumatic","M12012"
"Rheumatic","M12019"
"Rheumatic","M1202"
"Rheumatic","M12021"
"Rheumatic","M12022"
"Rheumatic","M12029"
"Rheumatic","M1203"
"Rheumatic","M12031"
"Rheumatic","M12032"
"Rheumatic","M12039"
"Rheumatic","M1204"
"Rheumatic","M12041"
"Rheumatic","M12042"
"Rheumatic","M12049"
"Rheumatic","M1205"
"Rheumatic","M12051"
"Rheumatic","M12052"
"Rheumatic","M12059"
"Rheumatic","M1206"
"Rheumatic","M12061"
"Rheumatic","M12062"
"Rheumatic","M12069"
"Rheumatic","M1207"
"Rheumatic","M12071"
"Rheumatic","M12072"
"Rheumatic","M12079"
"Rheumatic","M1208"
"Rheumatic","M1209"
"Rheumatic","M123"
"Rheumatic","M1230"
"Rheumatic","M1231"
"Rheumatic","M12311"
"Rheumatic","M12312"
"Rheumatic","M12319"
"Rheumatic","M1232"
"Rheumatic","M12321"
"Rheumatic","M12322"
"Rheumatic","M12329"
"Rheumatic","M1233"
"Rheumatic","M12331"
"Rheumatic","M12332"
"Rheumatic","M12339"
"Rheumatic","M1234"
"Rheumatic","M12341"
"Rheumatic","M12342"
"Rheumatic","M12349"
"Rheumatic","M1235"
"Rheumatic","M12351"
"Rheumatic","M12352"
"Rheumatic","M12359"
"Rheumatic","M1236"
"Rheumatic","M12361"
"Rheumatic","M12362"
"Rheumatic","M12369"
"Rheumatic","M1237"
"Rheumatic","M12371"
"Rheumatic","M12372"
"Rheumatic","M12379"
"Rheumatic","M1238"
"Rheumatic","M1239"
"Rheumatic","M30"
"Rheumatic","M300"
"Rheumatic","M301"
"Rheumatic","M302"
"Rheumatic","M303"
"Rheumatic","M308"
"Rheumatic","M310"
"Rheumatic","M311"
"Rheumatic","M312"
"Rheumatic","M313"
"Rheumatic","M3130"
"Rheumatic","M3131"
"Rheumatic","M32"
"Rheumatic","M320"
"Rheumatic","M321"
"Rheumatic","M3210"
"Rheumatic","M3211"
"Rheumatic","M3212"
"Rheumatic","M3213"
"Rheumatic","M3214"
"Rheumatic","M3215"
"Rheumatic","M3219"
"Rheumatic","M328"
"Rheumatic","M329"
"Rheumatic","M33"
"Rheumatic","M330"
"Rheumatic","M3300"
"Rheumatic","M3301"
"Rheumatic","M3302"
"Rheumatic","M3303"
"Rheumatic","M3309"
"Rheumatic","M331"
"Rheumatic","M3310"
"Rheumatic","M3311"
"Rheumatic","M3312"
"Rheumatic","M3313"
"Rheumatic","M3319"
"Rheumatic","M332"
"Rheumatic","M3320"
"Rheumatic","M3321"
"Rheumatic","M3322"
"Rheumatic","M3329"
"Rheumatic","M339"
"Rheumatic","M3390"
"Rheumatic","M3391"
"Rheumatic","M3392"
"Rheumatic","M3393"
"Rheumatic","M3399"
"Rheumatic","M34"
"Rheumatic","M340"
"Rheumatic","M341"
"Rheumatic","M342"
"Rheumatic","M348"
"Rheumatic","M3481"
"Rheumatic","M3482"
"Rheumatic","M3483"
"Rheumatic","M3489"
"Rheumatic","M349"
"Rheumatic","M35"
"Rheumatic","M350"
"Rheumatic","M3500"
"Rheumatic","M3501"
"Rheumatic","M3502"
"Rheumatic","M3503"
"Rheumatic","M3504"
"Rheumatic","M3509"
"Rheumatic","M351"
"Rheumatic","M352"
"Rheumatic","M353"
"Rheumatic","M354"
"Rheumatic","M355"
"Rheumatic","M356"
"Rheumatic","M357"
"Rheumatic","M358"
"Rheumatic","M359"
"Rheumatic","M45"
"Rheumatic","M450"
"Rheumatic","M451"
"Rheumatic","M452"
"Rheumatic","M453"
"Rheumatic","M454"
"Rheumatic","M455"
"Rheumatic","M456"
"Rheumatic","M457"
"Rheumatic","M458"
"Rheumatic","M459"
"Rheumatic","M461"
"Rheumatic","M468"
"Rheumatic","M4680"
"Rheumatic","M4681"
"Rheumatic","M4682"
"Rheumatic","M4683"
"Rheumatic","M4684"
"Rheumatic","M4685"
"Rheumatic","M4686"
"Rheumatic","M4687"
"Rheumatic","M4688"
"Rheumatic","M4689"
"Rheumatic","M469"
"Rheumatic","M4690"
"Rheumatic","M4691"
"Rheumatic","M4692"
"Rheumatic","M4693"
"Rheumatic","M4694"
"Rheumatic","M4695"
"Rheumatic","M4696"
"Rheumatic","M4697"
"Rheumatic","M4698"
"Rheumatic","M4699"
"Coagulopathy","D65"
"Coagulopathy","D66"
"Coagulopathy","D67"
"Coagulopathy","D68"
"Coagulopathy","D680"
"Coagulopathy","D681"
"Coagulopathy","D682"
"Coagulopathy","D683"
"Coagulopathy","D6831"
"Coagulopathy","D68311"
"Coagulopathy","D68312"
"Coagulopathy","D68318"
"Coagulopathy","D6832"
"Coagulopathy","D684"
"Coagulopathy","D685"
"Coagulopathy","D6851"
"Coagulopathy","D6852"
"Coagulopathy","D6859"
"Coagulopathy","D686"
"Coagulopathy","D6861"
"Coagulopathy","D6862"
"Coagulopathy","D6869"
"Coagulopathy","D688"
"Coagulopathy","D689"
"Coagulopathy","D691"
"Coagulopathy","D693"
"Coagulopathy","D694"
"Coagulopathy","D6941"
"Coagulopathy","D6942"
"Coagulopathy","D6949"
"Coagulopathy","D695"
"Coagulopathy","D6951"
"Coagulopathy","D6959"
"Coagulopathy","D696"
"Obesity","E66"
"Obesity","E660"
"Obesity","E6601"
"Obesity","E6609"
"Obesity","E661"
"Obesity","E662"
"Obesity","E663"
"Obesity","E668"
"Obesity","E669"
"WeightLoss","E40"
"WeightLoss","E41"
"WeightLoss","E42"
"WeightLoss","E43"
"WeightLoss","E44"
"WeightLoss","E440"
"WeightLoss","E441"
"WeightLoss","E45"
"WeightLoss","E46"
"WeightLoss","R634"
"WeightLoss","R64"
"FluidsLytes","E222"
"FluidsLytes","E86"
"FluidsLytes","E860"
"FluidsLytes","E861"
"FluidsLytes","E869"
"FluidsLytes","E87"
"FluidsLytes","E870"
"FluidsLytes","E871"
"FluidsLytes","E872"
"FluidsLytes","E873"
"FluidsLytes","E874"
"FluidsLytes","E875"
"FluidsLytes","E876"
"FluidsLytes","E877"
"FluidsLytes","E8770"
"FluidsLytes","E8771"
"FluidsLytes","E8779"
"FluidsLytes","E878"
"BloodLoss","D500"
"Anemia","D508"
"Anemia","D509"
"Anemia","D51"
"Anemia","D510"
"Anemia","D511"
"Anemia","D512"
"Anemia","D513"
"Anemia","D518"
"Anemia","D519"
"Anemia","D52"
"Anemia","D520"
"Anemia","D521"
"Anemia","D528"
"Anemia","D529"
"Anemia","D53"
"Anemia","D530"
"Anemia","D531"
"Anemia","D532"
"Anemia","D538"
"Anemia","D539"
"Alcohol","E52"
"Alcohol","F10"
"Alcohol","F101"
"Alcohol","F1010"
"Alcohol","F1011"
"Alcohol","F1012"
"Alcohol","F10120"
"Alcohol","F10121"
"Alcohol","F10129"
"Alcohol","F1014"
"Alcohol","F1015"
"Alcohol","F10150"
"Alcohol","F10151"
"Alcohol","F10159"
"Alcohol","F1018"
"Alcohol","F10180"
"Alcohol","F10181"
"Alcohol","F10182"
"Alcohol","F10188"
"Alcohol","F1019"
"Alcohol","F102"
"Alcohol","F1020"
"Alcohol","F1021"
"Alcohol","F1022"
"Alcohol","F10220"
"Alcohol","F10221"
"Alcohol","F10229"
"Alcohol","F1023"
"Alcohol","F10230"
"Alcohol","F10231"
"Alcohol","F10232"
"Alcohol","F10239"
"Alcohol","F1024"
"Alcohol","F1025"
"Alcohol","F10250"
"Alcohol","F10251"
"Alcohol","F10259"
"Alcohol","F1026"
"Alcohol","F1027"
"Alcohol","F1028"
"Alcohol","F10280"
"Alcohol","F10281"
"Alcohol","F10282"
"Alcohol","F10288"
"Alcohol","F1029"
"Alcohol","F109"
"Alcohol","F1092"
"Alcohol","F10920"
"Alcohol","F10921"
"Alcohol","F10929"
"Alcohol","F1094"
"Alcohol","F1095"
"Alcohol","F10950"
"Alcohol","F10951"
"Alcohol","F10959"
"Alcohol","F1096"
"Alcohol","F1097"
"Alcohol","F1098"
"Alcohol","F10980"
"Alcohol","F10981"
"Alcohol","F10982"
"Alcohol","F10988"
"Alcohol","F1099"
"Alcohol","G621"
"Alcohol","I426"
"Alcohol","K292"
"Alcohol","K2920"
"Alcohol","K2921"
"Alcohol","K700"
"Alcohol","K703"
"Alcohol","K7030"
"Alcohol","K7031"
"Alcohol","K709"
"Alcohol","T51"
"Alcohol","T510"
"Alcohol","T510X"
"Alcohol","T510X1"
"Alcohol","T510X1A"
"Alcohol","T510X1D"
"Alcohol","T510X1S"
"Alcohol","T510X2"
"Alcohol","T510X2A"
"Alcohol","T510X2D"
"Alcohol","T510X2S"
"Alcohol","T510X3"
"Alcohol","T510X3A"
"Alcohol","T510X3D"
"Alcohol","T510X3S"
"Alcohol","T510X4"
"Alcohol","T510X4A"
"Alcohol","T510X4D"
"Alcohol","T510X4S"
"Alcohol","T511"
"Alcohol","T511X"
"Alcohol","T511X1"
"Alcohol","T511X1A"
"Alcohol","T511X1D"
"Alcohol","T511X1S"
"Alcohol","T511X2"
"Alcohol","T511X2A"
"Alcohol","T511X2D"
"Alcohol","T511X2S"
"Alcohol","T511X3"
"Alcohol","T511X3A"
"Alcohol","T511X3D"
"Alcohol","T511X3S"
"Alcohol","T511X4"
"Alcohol","T511X4A"
"Alcohol","T511X4D"
"Alcohol","T511X4S"
"Alcohol","T512"
"Alcohol","T512X"
"Alcohol","T512X1"
"Alcohol","T512X1A"
"Alcohol","T512X1D"
"Alcohol","T512X1S"
"Alcohol","T512X2"
"Alcohol","T512X2A"
"Alcohol","T512X2D"
"Alcohol","T512X2S"
"Alcohol","T512X3"
"Alcohol","T512X3A"
"Alcohol","T512X3D"
"Alcohol","T512X3S"
"Alcohol","T512X4"
"Alcohol","T512X4A"
"Alcohol","T512X4D"
"Alcohol","T512X4S"
"Alcohol","T513"
"Alcohol","T513X"
"Alcohol","T513X1"
"Alcohol","T513X1A"
"Alcohol","T513X1D"
"Alcohol","T513X1S"
"Alcohol","T513X2"
"Alcohol","T513X2A"
"Alcohol","T513X2D"
"Alcohol","T513X2S"
"Alcohol","T513X3"
"Alcohol","T513X3A"
"Alcohol","T513X3D"
"Alcohol","T513X3S"
"Alcohol","T513X4"
"Alcohol","T513X4A"
"Alcohol","T513X4D"
"Alcohol","T513X4S"
"Alcohol","T518"
"Alcohol","T518X"
"Alcohol","T518X1"
"Alcohol","T518X1A"
"Alcohol","T518X1D"
"Alcohol","T518X1S"
"Alcohol","T518X2"
"Alcohol","T518X2A"
"Alcohol","T518X2D"
"Alcohol","T518X2S"
"Alcohol","T518X3"
"Alcohol","T518X3A"
"Alcohol","T518X3D"
"Alcohol","T518X3S"
"Alcohol","T518X4"
"Alcohol","T518X4A"
"Alcohol","T518X4D"
"Alcohol","T518X4S"
"Alcohol","T519"
"Alcohol","T5191"
"Alcohol","T5191XA"
"Alcohol","T5191XD"
"Alcohol","T5191XS"
"Alcohol","T5192"
"Alcohol","T5192XA"
"Alcohol","T5192XD"
"Alcohol","T5192XS"
"Alcohol","T5193"
"Alcohol","T5193XA"
"Alcohol","T5193XD"
"Alcohol","T5193XS"
"Alcohol","T5194"
"Alcohol","T5194XA"
"Alcohol","T5194XD"
"Alcohol","T5194XS"
"Alcohol","Z502"
"Alcohol","Z714"
"Alcohol","Z7141"
"Alcohol","Z7142"
"Alcohol","Z721"
"Drugs","F11"
"Drugs","F111"
"Drugs","F1110"
"Drugs","F1111"
"Drugs","F1112"
"Drugs","F11120"
"Drugs","F11121"
"Drugs","F11122"
"Drugs","F11129"
"Drugs","F1114"
"Drugs","F1115"
"Drugs","F11150"
"Drugs","F11151"
"Drugs","F11159"
"Drugs","F1118"
"Drugs","F11181"
"Drugs","F11182"
"Drugs","F11188"
"Drugs","F1119"
"Drugs","F112"
"Drugs","F1120"
"Drugs","F1121"
"Drugs","F1122"
"Drugs","F11220"
"Drugs","F11221"
"Drugs","F11222"
"Drugs","F11229"
"Drugs","F1123"
"Drugs","F1124"
"Drugs","F1125"
"Drugs","F11250"
"Drugs","F11251"
"Drugs","F11259"
"Drugs","F1128"
"Drugs","F11281"
"Drugs","F11282"
"Drugs","F11288"
"Drugs","F1129"
"Drugs","F119"
"Drugs","F1190"
"Drugs","F1192"
"Drugs","F11920"
"Drugs","F11921"
"Drugs","F11922"
"Drugs","F11929"
"Drugs","F1193"
"Drugs","F1194"
"Drugs","F1195"
"Drugs","F11950"
"Drugs","F11951"
"Drugs","F11959"
"Drugs","F1198"
"Drugs","F11981"
"Drugs","F11982"
"Drugs","F11988"
"Drugs","F1199"
"Drugs","F12"
"Drugs","F121"
"Drugs","F1210"
"Drugs","F1211"
"Drugs","F1212"
"Drugs","F12120"
"Drugs","F12121"
"Drugs","F12122"
"Drugs","F12129"
"Drugs","F1215"
"Drugs","F12150"
"Drugs","F12151"
"Drugs","F12159"
"Drugs","F1218"
"Drugs","F12180"
"Drugs","F12188"
"Drugs","F1219"
"Drugs","F122"
"Drugs","F1220"
"Drugs","F1221"
"Drugs","F1222"
"Drugs","F12220"
"Drugs","F12221"
"Drugs","F12222"
"Drugs","F12229"
"Drugs","F1223"
"Drugs","F1225"
"Drugs","F12250"
"Drugs","F12251"
"Drugs","F12259"
"Drugs","F1228"
"Drugs","F12280"
"Drugs","F12288"
"Drugs","F1229"
"Drugs","F129"
"Drugs","F1290"
"Drugs","F1292"
"Drugs","F12920"
"Drugs","F12921"
"Drugs","F12922"
"Drugs","F12929"
"Drugs","F1293"
"Drugs","F1295"
"Drugs","F12950"
"Drugs","F12951"
"Drugs","F12959"
"Drugs","F1298"
"Drugs","F12980"
"Drugs","F12988"
"Drugs","F1299"
"Drugs","F13"
"Drugs","F131"
"Drugs","F1310"
"Drugs","F1311"
"Drugs","F1312"
"Drugs","F13120"
"Drugs","F13121"
"Drugs","F13129"
"Drugs","F1314"
"Drugs","F1315"
"Drugs","F13150"
"Drugs","F13151"
"Drugs","F13159"
"Drugs","F1318"
"Drugs","F13180"
"Drugs","F13181"
"Drugs","F13182"
"Drugs","F13188"
"Drugs","F1319"
"Drugs","F132"
"Drugs","F1320"
"Drugs","F1321"
"Drugs","F1322"
"Drugs","F13220"
"Drugs","F13221"
"Drugs","F13229"
"Drugs","F1323"
"Drugs","F13230"
"Drugs","F13231"
"Drugs","F13232"
"Drugs","F13239"
"Drugs","F1324"
"Drugs","F1325"
"Drugs","F13250"
"Drugs","F13251"
"Drugs","F13259"
"Drugs","F1326"
"Drugs","F1327"
"Drugs","F1328"
"Drugs","F13280"
"Drugs","F13281"
"Drugs","F13282"
"Drugs","F13288"
"Drugs","F1329"
"Drugs","F139"
"Drugs","F1390"
"Drugs","F1392"
"Drugs","F13920"
"Drugs","F13921"
"Drugs","F13929"
"Drugs","F1393"
"Drugs","F13930"
"Drugs","F13931"
"Drugs","F13932"
"Drugs","F13939"
"Drugs","F1394"
"Drugs","F1395"
"Drugs","F13950"
"Drugs","F13951"
"Drugs","F13959"
"Drugs","F1396"
"Drugs","F1397"
"Drugs","F1398"
"Drugs","F13980"
"Drugs","F13981"
"Drugs","F13982"
"Drugs","F13988"
"Drugs","F1399"
"Drugs","F14"
"Drugs","F141"
"Drugs","F1410"
"Drugs","F1411"
"Drugs","F1412"
"Drugs","F14120"
"Drugs","F14121"
"Drugs","F14122"
"Drugs","F14129"
"Drugs","F1414"
"Drugs","F1415"
"Drugs","F14150"
"Drugs","F14151"
"Drugs","F14159"
"Drugs","F1418"
"Drugs","F14180"
"Drugs","F14181"
"Drugs","F14182"
"Drugs","F14188"
"Drugs","F1419"
"Drugs","F142"
"Drugs","F1420"
"Drugs","F1421"
"Drugs","F1422"
"Drugs","F14220"
"Drugs","F14221"
"Drugs","F14222"
"Drugs","F14229"
"Drugs","F1423"
"Drugs","F1424"
"Drugs","F1425"
"Drugs","F14250"
"Drugs","F14251"
"Drugs","F14259"
"Drugs","F1428"
"Drugs","F14280"
"Drugs","F14281"
"Drugs","F14282"
"Drugs","F14288"
"Drugs","F1429"
"Drugs","F149"
"Drugs","F1490"
"Drugs","F1492"
"Drugs","F14920"
"Drugs","F14921"
"Drugs","F14922"
"Drugs","F14929"
"Drugs","F1494"
"Drugs","F1495"
"Drugs","F14950"
"Drugs","F14951"
"Drugs","F14959"
"Drugs","F1498"
"Drugs","F14980"
"Drugs","F14981"
"Drugs","F14982"
"Drugs","F14988"
"Drugs","F1499"
"Drugs","F15"
"Drugs","F151"
"Drugs","F1510"
"Drugs","F1511"
"Drugs","F1512"
"Drugs","F15120"
"Drugs","F15121"
"Drugs","F15122"
"Drugs","F15129"
"Drugs","F1514"
"Drugs","F1515"
"Drugs","F15150"
"Drugs","F15151"
"Drugs","F15159"
"Drugs","F1518"
"Drugs","F15180"
"Drugs","F15181"
"Drugs","F15182"
"Drugs","F15188"
"Drugs","F1519"
"Drugs","F152"
"Drugs","F1520"
"Drugs","F1521"
"Drugs","F1522"
"Drugs","F15220"
"Drugs","F15221"
"Drugs","F15222"
"Drugs","F15229"
"Drugs","F1523"
"Drugs","F1524"
"Drugs","F1525"
"Drugs","F15250"
"Drugs","F15251"
"Drugs","F15259"
"Drugs","F1528"
"Drugs","F15280"
"Drugs","F15281"
"Drugs","F15282"
"Drugs","F15288"
"Drugs","F1529"
"Drugs","F159"
"Drugs","F1590"
"Drugs","F1592"
"Drugs","F15920"
"Drugs","F15921"
"Drugs","F15922"
"Drugs","F15929"
"Drugs","F1593"
"Drugs","F1594"
"Drugs","F1595"
"Drugs","F15950"
"Drugs","F15951"
"Drugs","F15959"
"Drugs","F1598"
"Drugs","F15980"
"Drugs","F15981"
"Drugs","F15982"
"Drugs","F15988"
"Drugs","F1599"
"Drugs","F16"
"Drugs","F161"
"Drugs","F1610"
"Drugs","F1611"
"Drugs","F1612"
"Drugs","F16120"
"Drugs","F16121"
"Drugs","F16122"
"Drugs","F16129"
"Drugs","F1614"
"Drugs","F1615"
"Drugs","F16150"
"Drugs","F16151"
"Drugs","F16159"
"Drugs","F1618"
"Drugs","F16180"
"Drugs","F16183"
"Drugs","F16188"
"Drugs","F1619"
"Drugs","F162"
"Drugs","F1620"
"Drugs","F1621"
"Drugs","F1622"
"Drugs","F16220"
"Drugs","F16221"
"Drugs","F16229"
"Drugs","F1624"
"Drugs","F1625"
"Drugs","F16250"
"Drugs","F16251"
"Drugs","F16259"
"Drugs","F1628"
"Drugs","F16280"
"Drugs","F16283"
"Drugs","F16288"
"Drugs","F1629"
"Drugs","F169"
"Drugs","F1690"
"Drugs","F1692"
"Drugs","F16920"
"Drugs","F16921"
"Drugs","F16929"
"Drugs","F1694"
"Drugs","F1695"
"Drugs","F16950"
"Drugs","F16951"
"Drugs","F16959"
"Drugs","F1698"
"Drugs","F16980"
"Drugs","F16983"
"Drugs","F16988"
"Drugs","F1699"
"Drugs","F18"
"Drugs","F181"
"Drugs","F1810"
"Drugs","F1811"
"Drugs","F1812"
"Drugs","F18120"
"Drugs","F18121"
"Drugs","F18129"
"Drugs","F1814"
"Drugs","F1815"
"Drugs","F18150"
"Drugs","F18151"
"Drugs","F18159"
"Drugs","F1817"
"Drugs","F1818"
"Drugs","F18180"
"Drugs","F18188"
"Drugs","F1819"
"Drugs","F182"
"Drugs","F1820"
"Drugs","F1821"
"Drugs","F1822"
"Drugs","F18220"
"Drugs","F18221"
"Drugs","F18229"
"Drugs","F1824"
"Drugs","F1825"
"Drugs","F18250"
"Drugs","F18251"
"Drugs","F18259"
"Drugs","F1827"
"Drugs","F1828"
"Drugs","F18280"
"Drugs","F18288"
"Drugs","F1829"
"Drugs","F189"
"Drugs","F1890"
"Drugs","F1892"
"Drugs","F18920"
"Drugs","F18921"
"Drugs","F18929"
"Drugs","F1894"
"Drugs","F1895"
"Drugs","F18950"
"Drugs","F18951"
"Drugs","F18959"
"Drugs","F1897"
"Drugs","F1898"
"Drugs","F18980"
"Drugs","F18988"
"Drugs","F1899"
"Drugs","F19"
"Drugs","F191"
"Drugs","F1910"
"Drugs","F1911"
"Drugs","F1912"
"Drugs","F19120"
"Drugs","F19121"
"Drugs","F19122"
"Drugs","F19129"
"Drugs","F1914"
"Drugs","F1915"
"Drugs","F19150"
"Drugs","F19151"
"Drugs","F19159"
"Drugs","F1916"
"Drugs","F1917"
"Drugs","F1918"
"Drugs","F19180"
"Drugs","F19181"
"Drugs","F19182"
"Drugs","F19188"
"Drugs","F1919"
"Drugs","F192"
"Drugs","F1920"
"Drugs","F1921"
"Drugs","F1922"
"Drugs","F19220"
"Drugs","F19221"
"Drugs","F19222"
"Drugs","F19229"
"Drugs","F1923"
"Drugs","F19230"
"Drugs","F19231"
"Drugs","F19232"
"Drugs","F19239"
"Drugs","F1924"
"Drugs","F1925"
"Drugs","F19250"
"Drugs","F19251"
"Drugs","F19259"
"Drugs","F1926"
"Drugs","F1927"
"Drugs","F1928"
"Drugs","F19280"
"Drugs","F19281"
"Drugs","F19282"
"Drugs","F19288"
"Drugs","F1929"
"Drugs","F199"
"Drugs","F1990"
"Drugs","F1992"
"Drugs","F19920"
"Drugs","F19921"
"Drugs","F19922"
"Drugs","F19929"
"Drugs","F1993"
"Drugs","F19930"
"Drugs","F19931"
"Drugs","F19932"
"Drugs","F19939"
"Drugs","F1994"
"Drugs","F1995"
"Drugs","F19950"
"Drugs","F19951"
"Drugs","F19959"
"Drugs","F1996"
"Drugs","F1997"
"Drugs","F1998"
"Drugs","F19980"
"Drugs","F19981"
"Drugs","F19982"
"Drugs","F19988"
"Drugs","F1999"
"Drugs","Z715"
"Drugs","Z7151"
"Drugs","Z7152"
"Drugs","Z722"
"Psychoses","F20"
"Psychoses","F200"
"Psychoses","F201"
"Psychoses","F202"
"Psychoses","F203"
"Psychoses","F205"
"Psychoses","F208"
"Psychoses","F2081"
"Psychoses","F2089"
"Psychoses","F209"
"Psychoses","F22"
"Psychoses","F23"
"Psychoses","F24"
"Psychoses","F25"
"Psychoses","F250"
"Psychoses","F251"
"Psychoses","F258"
"Psychoses","F259"
"Psychoses","F28"
"Psychoses","F29"
"Psychoses","F302"
"Psychoses","F312"
"Psychoses","F315"
"Depression","F204"
"Depression","F313"
"Depression","F3130"
"Depression","F3131"
"Depression","F3132"
"Depression","F314"
"Depression","F315"
"Depression","F32"
"Depression","F320"
"Depression","F321"
"Depression","F322"
"Depression","F323"
"Depression","F324"
"Depression","F325"
"Depression","F328"
"Depression","F3281"
"Depression","F3289"
"Depression","F329"
"Depression","F33"
"Depression","F330"
"Depression","F331"
"Depression","F332"
"Depression","F333"
"Depression","F334"
"Depression","F3340"
"Depression","F3341"
"Depression","F3342"
"Depression","F338"
"Depression","F339"
"Depression","F341"
"Depression","F412"
"Depression","F432"
"Depression","F4320"
"Depression","F4321"
"Depression","F4322"
"Depression","F4323"
"Depression","F4324"
"Depression","F4325"
"Depression","F4329"
