"quan_deyo","ICD10"
"MI","I21"
"MI","I210"
"MI","I2101"
"MI","I2102"
"MI","I2109"
"MI","I211"
"MI","I2111"
"MI","I2119"
"MI","I212"
"MI","I2121"
"MI","I2129"
"MI","I213"
"MI","I214"
"MI","I219"
"MI","I21A"
"MI","I21A1"
"MI","I21A9"
"MI","I22"
"MI","I220"
"MI","I221"
"MI","I222"
"MI","I228"
"MI","I229"
"MI","I252"
"CHF","I099"
"CHF","I110"
"CHF","I130"
"CHF","I132"
"CHF","I255"
"CHF","I420"
"CHF","I425"
"CHF","I426"
"CHF","I427"
"CHF","I428"
"CHF","I429"
"CHF","I43"
"CHF","I50"
"CHF","I501"
"CHF","I502"
"CHF","I5020"
"CHF","I5021"
"CHF","I5022"
"CHF","I5023"
"CHF","I503"
"CHF","I5030"
"CHF","I5031"
"CHF","I5032"
"CHF","I5033"
"CHF","I504"
"CHF","I5040"
"CHF","I5041"
"CHF","I5042"
"CHF","I5043"
"CHF","I508"
"CHF","I5081"
"CHF","I50810"
"CHF","I50811"
"CHF","I50812"
"CHF","I50813"
"CHF","I50814"
"CHF","I5082"
"CHF","I5083"
"CHF","I5084"
"CHF","I5089"
"CHF","I509"
"CHF","P290"
"PVD","I70"
"PVD","I700"
"PVD","I701"
"PVD","I702"
"PVD","I7020"
"PVD","I70201"
"PVD","I70202"
"PVD","I70203"
"PVD","I70208"
"PVD","I70209"
"PVD","I7021"
"PVD","I70211"
"PVD","I70212"
"PVD","I70213"
"PVD","I70218"
"PVD","I70219"
"PVD","I7022"
"PVD","I70221"
"PVD","I70222"
"PVD","I70223"
"PVD","I70228"
"PVD","I70229"
"PVD","I7023"
"PVD","I70231"
"PVD","I70232"
"PVD","I70233"
"PVD","I70234"
"PVD","I70235"
"PVD","I70238"
"PVD","I70239"
"PVD","I7024"
"PVD","I70241"
"PVD","I70242"
"PVD","I70243"
"PVD","I70244"
"PVD","I70245"
"PVD","I70248"
"PVD","I70249"
"PVD","I7025"
"PVD","I7026"
"PVD","I70261"
"PVD","I70262"
"PVD","I70263"
"PVD","I70268"
"PVD","I70269"
"PVD","I7029"
"PVD","I70291"
"PVD","I70292"
"PVD","I70293"
"PVD","I70298"
"PVD","I70299"
"PVD","I703"
"PVD","I7030"
"PVD","I70301"
"PVD","I70302"
"PVD","I70303"
"PVD","I70308"
"PVD","I70309"
"PVD","I7031"
"PVD","I70311"
"PVD","I70312"
"PVD","I70313"
"PVD","I70318"
"PVD","I70319"
"PVD","I7032"
"PVD","I70321"
"PVD","I70322"
"PVD","I70323"
"PVD","I70328"
"PVD","I70329"
"PVD","I7033"
"PVD","I70331"
"PVD","I70332"
"PVD","I70333"
"PVD","I70334"
"PVD","I70335"
"PVD","I70338"
"PVD","I70339"
"PVD","I7034"
"PVD","I70341"
"PVD","I70342"
"PVD","I70343"
"PVD","I70344"
"PVD","I70345"
"PVD","I70348"
"PVD","I70349"
"PVD","I7035"
"PVD","I7036"
"PVD","I70361"
"PVD","I70362"
"PVD","I70363"
"PVD","I70368"
"PVD","I70369"
"PVD","I7039"
"PVD","I70391"
"PVD","I70392"
"PVD","I70393"
"PVD","I70398"
"PVD","I70399"
"PVD","I704"
"PVD","I7040"
"PVD","I70401"
"PVD","I70402"
"PVD","I70403"
"PVD","I70408"
"PVD","I70409"
"PVD","I7041"
"PVD","I70411"
"PVD","I70412"
"PVD","I70413"
"PVD","I70418"
"PVD","I70419"
"PVD","I7042"
"PVD","I70421"
"PVD","I70422"
"PVD","I70423"
"PVD","I70428"
"PVD","I70429"
"PVD","I7043"
"PVD","I70431"
"PVD","I70432"
"PVD","I70433"
"PVD","I70434"
"PVD","I70435"
"PVD","I70438"
"PVD","I70439"
"PVD","I7044"
"PVD","I70441"
"PVD","I70442"
"PVD","I70443"
"PVD","I70444"
"PVD","I70445"
"PVD","I70448"
"PVD","I70449"
"PVD","I7045"
"PVD","I7046"
"PVD","I70461"
"PVD","I70462"
"PVD","I70463"
"PVD","I70468"
"PVD","I70469"
"PVD","I7049"
"PVD","I70491"
"PVD","I70492"
"PVD","I70493"
"PVD","I70498"
"PVD","I70499"
"PVD","I705"
"PVD","I7050"
"PVD","I70501"
"PVD","I70502"
"PVD","I70503"
"PVD","I70508"
"PVD","I70509"
"PVD","I7051"
"PVD","I70511"
"PVD","I70512"
"PVD","I70513"
"PVD","I70518"
"PVD","I70519"
"PVD","I7052"
"PVD","I70521"
"PVD","I70522"
"PVD","I70523"
"PVD","I70528"
"PVD","I70529"
"PVD","I7053"
"PVD","I70531"
"PVD","I70532"
"PVD","I70533"
"PVD","I70534"
"PVD","I70535"
"PVD","I70538"
"PVD","I70539"
"PVD","I7054"
"PVD","I70541"
"PVD","I70542"
"PVD","I70543"
"PVD","I70544"
"PVD","I70545"
"PVD","I70548"
"PVD","I70549"
"PVD","I7055"
"PVD","I7056"
"PVD","I70561"
"PVD","I70562"
"PVD","I70563"
"PVD","I70568"
"PVD","I70569"
"PVD","I7059"
"PVD","I70591"
"PVD","I70592"
"PVD","I70593"
"PVD","I70598"
"PVD","I70599"
"PVD","I706"
"PVD","I7060"
"PVD","I70601"
"PVD","I70602"
"PVD","I70603"
"PVD","I70608"
"PVD","I70609"
"PVD","I7061"
"PVD","I70611"
"PVD","I70612"
"PVD","I70613"
"PVD","I70618"
"PVD","I70619"
"PVD","I7062"
"PVD","I70621"
"PVD","I70622"
"PVD","I70623"
"PVD","I70628"
"PVD","I70629"
"PVD","I7063"
"PVD","I70631"
"PVD","I70632"
"PVD","I70633"
"PVD","I70634"
"PVD","I70635"
"PVD","I70638"
"PVD","I70639"
"PVD","I7064"
"PVD","I70641"
"PVD","I70642"
"PVD","I70643"
"PVD","I70644"
"PVD","I70645"
"PVD","I70648"
"PVD","I70649"
"PVD","I7065"
"PVD","I7066"
"PVD","I70661"
"PVD","I70662"
"PVD","I70663"
"PVD","I70668"
"PVD","I70669"
"PVD","I7069"
"PVD","I70691"
"PVD","I70692"
"PVD","I70693"
"PVD","I70698"
"PVD","I70699"
"PVD","I707"
"PVD","I7070"
"PVD","I70701"
"PVD","I70702"
"PVD","I70703"
"PVD","I70708"
"PVD","I70709"
"PVD","I7071"
"PVD","I70711"
"PVD","I70712"
"PVD","I70713"
"PVD","I70718"
"PVD","I70719"
"PVD","I7072"
"PVD","I70721"
"PVD","I70722"
"PVD","I70723"
"PVD","I70728"
"PVD","I70729"
"PVD","I7073"
"PVD","I70731"
"PVD","I70732"
"PVD","I70733"
"PVD","I70734"
"PVD","I70735"
"PVD","I70738"
"PVD","I70739"
"PVD","I7074"
"PVD","I70741"
"PVD","I70742"
"PVD","I70743"
"PVD","I70744"
"PVD","I70745"
"PVD","I70748"
"PVD","I70749"
"PVD","I7075"
"PVD","I7076"
"PVD","I70761"
"PVD","I70762"
"PVD","I70763"
"PVD","I70768"
"PVD","I70769"
"PVD","I7079"
"PVD","I70791"
"PVD","I70792"
"PVD","I70793"
"PVD","I70798"
"PVD","I70799"
"PVD","I708"
"PVD","I709"
"PVD","I7090"
"PVD","I7091"
"PVD","I7092"
"PVD","I71"
"PVD","I710"
"PVD","I7100"
"PVD","I7101"
"PVD","I7102"
"PVD","I7103"
"PVD","I711"
"PVD","I712"
"PVD","I713"
"PVD","I714"
"PVD","I715"
"PVD","I716"
"PVD","I718"
"PVD","I719"
"PVD","I731"
"PVD","I738"
"PVD","I7381"
"PVD","I7389"
"PVD","I739"
"PVD","I771"
"PVD","I790"
"PVD","I792"
"PVD","K551"
"PVD","K558"
"PVD","K559"
"PVD","Z958"
"PVD","Z9581"
"PVD","Z95810"
"PVD","Z95811"
"PVD","Z95812"
"PVD","Z95818"
"PVD","Z9582"
"PVD","Z95820"
"PVD","Z95828"
"PVD","Z959"
"Stroke","G45"
"Stroke","G450"
"Stroke","G451"
"Stroke","G452"
"Stroke","G453"
"Stroke","G454"
"Stroke","G458"
"Stroke","G459"
"Stroke","G46"
"Stroke","G460"
"Stroke","G461"
"Stroke","G462"
"Stroke","G463"
"Stroke","G464"
"Stroke","G465"
"Stroke","G466"
"Stroke","G467"
"Stroke","G468"
"Stroke","H340"
"Stroke","H3400"
"Stroke","H3401"
"Stroke","H3402"
"Stroke","H3403"
"Stroke","I60"
"Stroke","I600"
"Stroke","I6000"
"Stroke","I6001"
"Stroke","I6002"
"Stroke","I601"
"Stroke","I6010"
"Stroke","I6011"
"Stroke","I6012"
"Stroke","I602"
"Stroke","I6020"
"Stroke","I6021"
"Stroke","I6022"
"Stroke","I603"
"Stroke","I6030"
"Stroke","I6031"
"Stroke","I6032"
"Stroke","I604"
"Stroke","I605"
"Stroke","I6050"
"Stroke","I6051"
"Stroke","I6052"
"Stroke","I606"
"Stroke","I607"
"Stroke","I608"
"Stroke","I609"
"Stroke","I61"
"Stroke","I610"
"Stroke","I611"
"Stroke","I612"
"Stroke","I613"
"Stroke","I614"
"Stroke","I615"
"Stroke","I616"
"Stroke","I618"
"Stroke","I619"
"Stroke","I62"
"Stroke","I620"
"Stroke","I6200"
"Stroke","I6201"
"Stroke","I6202"
"Stroke","I6203"
"Stroke","I621"
"Stroke","I629"
"Stroke","I63"
"Stroke","I630"
"Stroke","I6300"
"Stroke","I6301"
"Stroke","I63011"
"Stroke","I63012"
"Stroke","I63013"
"Stroke","I63019"
"Stroke","I6302"
"Stroke","I6303"
"Stroke","I63031"
"Stroke","I63032"
"Stroke","I63033"
"Stroke","I63039"
"Stroke","I6309"
"Stroke","I631"
"Stroke","I6310"
"Stroke","I6311"
"Stroke","I63111"
"Stroke","I63112"
"Stroke","I63113"
"Stroke","I63119"
"Stroke","I6312"
"Stroke","I6313"
"Stroke","I63131"
"Stroke","I63132"
"Stroke","I63133"
"Stroke","I63139"
"Stroke","I6319"
"Stroke","I632"
"Stroke","I6320"
"Stroke","I6321"
"Stroke","I63211"
"Stroke","I63212"
"Stroke","I63213"
"Stroke","I63219"
"Stroke","I6322"
"Stroke","I6323"
"Stroke","I63231"
"Stroke","I63232"
"Stroke","I63233"
"Stroke","I63239"
"Stroke","I6329"
"Stroke","I633"
"Stroke","I6330"
"Stroke","I6331"
"Stroke","I63311"
"Stroke","I63312"
"Stroke","I63313"
"Stroke","I63319"
"Stroke","I6332"
"Stroke","I63321"
"Stroke","I63322"
"Stroke","I63323"
"Stroke","I63329"
"Stroke","I6333"
"Stroke","I63331"
"Stroke","I63332"
"Stroke","I63333"
"Stroke","I63339"
"Stroke","I6334"
"Stroke","I63341"
"Stroke","I63342"
"Stroke","I63343"
"Stroke","I63349"
"Stroke","I6339"
"Stroke","I634"
"Stroke","I6340"
"Stroke","I6341"
"Stroke","I63411"
"Stroke","I63412"
"Stroke","I63413"
"Stroke","I63419"
"Stroke","I6342"
"Stroke","I63421"
"Stroke","I63422"
"Stroke","I63423"
"Stroke","I63429"
"Stroke","I6343"
"Stroke","I63431"
"Stroke","I63432"
"Stroke","I63433"
"Stroke","I63439"
"Stroke","I6344"
"Stroke","I63441"
"Stroke","I63442"
"Stroke","I63443"
"Stroke","I63449"
"Stroke","I6349"
"Stroke","I635"
"Stroke","I6350"
"Stroke","I6351"
"Stroke","I63511"
"Stroke","I63512"
"Stroke","I63513"
"Stroke","I63519"
"Stroke","I6352"
"Stroke","I63521"
"Stroke","I63522"
"Stroke","I63523"
"Stroke","I63529"
"Stroke","I6353"
"Stroke","I63531"
"Stroke","I63532"
"Stroke","I63533"
"Stroke","I63539"
"Stroke","I6354"
"Stroke","I63541"
"Stroke","I63542"
"Stroke","I63543"
"Stroke","I63549"
"Stroke","I6359"
"Stroke","I636"
"Stroke","I638"
"Stroke","I6381"
"Stroke","I6389"
"Stroke","I639"
"Stroke","I64"
"Stroke","I65"
"Stroke","I650"
"Stroke","I6501"
"Stroke","I6502"
"Stroke","I6503"
"Stroke","I6509"
"Stroke","I651"
"Stroke","I652"
"Stroke","I6521"
"Stroke","I6522"
"Stroke","I6523"
"Stroke","I6529"
"Stroke","I658"
"Stroke","I659"
"Stroke","I66"
"Stroke","I660"
"Stroke","I6601"
"Stroke","I6602"
"Stroke","I6603"
"Stroke","I6609"
"Stroke","I661"
"Stroke","I6611"
"Stroke","I6612"
"Stroke","I6613"
"Stroke","I6619"
"Stroke","I662"
"Stroke","I6621"
"Stroke","I6622"
"Stroke","I6623"
"Stroke","I6629"
"Stroke","I663"
"Stroke","I668"
"Stroke","I669"
"Stroke","I67"
"Stroke","I670"
"Stroke","I671"
"Stroke","I672"
"Stroke","I673"
"Stroke","I674"
"Stroke","I675"
"Stroke","I676"
"Stroke","I677"
"Stroke","I678"
"Stroke","I6781"
"Stroke","I6782"
"Stroke","I6783"
"Stroke","I6784"
"Stroke","I67841"
"Stroke","I67848"
"Stroke","I6785"
"Stroke","I67850"
"Stroke","I67858"
"Stroke","I6789"
"Stroke","I679"
"Stroke","I68"
"Stroke","I680"
"Stroke","I682"
"Stroke","I688"
"Stroke","I69"
"Stroke","I690"
"Stroke","I6900"
"Stroke","I6901"
"Stroke","I69010"
"Stroke","I69011"
"Stroke","I69012"
"Stroke","I69013"
"Stroke","I69014"
"Stroke","I69015"
"Stroke","I69018"
"Stroke","I69019"
"Stroke","I6902"
"Stroke","I69020"
"Stroke","I69021"
"Stroke","I69022"
"Stroke","I69023"
"Stroke","I69028"
"Stroke","I6903"
"Stroke","I69031"
"Stroke","I69032"
"Stroke","I69033"
"Stroke","I69034"
"Stroke","I69039"
"Stroke","I6904"
"Stroke","I69041"
"Stroke","I69042"
"Stroke","I69043"
"Stroke","I69044"
"Stroke","I69049"
"Stroke","I6905"
"Stroke","I69051"
"Stroke","I69052"
"Stroke","I69053"
"Stroke","I69054"
"Stroke","I69059"
"Stroke","I6906"
"Stroke","I69061"
"Stroke","I69062"
"Stroke","I69063"
"Stroke","I69064"
"Stroke","I69065"
"Stroke","I69069"
"Stroke","I6909"
"Stroke","I69090"
"Stroke","I69091"
"Stroke","I69092"
"Stroke","I69093"
"Stroke","I69098"
"Stroke","I691"
"Stroke","I6910"
"Stroke","I6911"
"Stroke","I69110"
"Stroke","I69111"
"Stroke","I69112"
"Stroke","I69113"
"Stroke","I69114"
"Stroke","I69115"
"Stroke","I69118"
"Stroke","I69119"
"Stroke","I6912"
"Stroke","I69120"
"Stroke","I69121"
"Stroke","I69122"
"Stroke","I69123"
"Stroke","I69128"
"Stroke","I6913"
"Stroke","I69131"
"Stroke","I69132"
"Stroke","I69133"
"Stroke","I69134"
"Stroke","I69139"
"Stroke","I6914"
"Stroke","I69141"
"Stroke","I69142"
"Stroke","I69143"
"Stroke","I69144"
"Stroke","I69149"
"Stroke","I6915"
"Stroke","I69151"
"Stroke","I69152"
"Stroke","I69153"
"Stroke","I69154"
"Stroke","I69159"
"Stroke","I6916"
"Stroke","I69161"
"Stroke","I69162"
"Stroke","I69163"
"Stroke","I69164"
"Stroke","I69165"
"Stroke","I69169"
"Stroke","I6919"
"Stroke","I69190"
"Stroke","I69191"
"Stroke","I69192"
"Stroke","I69193"
"Stroke","I69198"
"Stroke","I692"
"Stroke","I6920"
"Stroke","I6921"
"Stroke","I69210"
"Stroke","I69211"
"Stroke","I69212"
"Stroke","I69213"
"Stroke","I69214"
"Stroke","I69215"
"Stroke","I69218"
"Stroke","I69219"
"Stroke","I6922"
"Stroke","I69220"
"Stroke","I69221"
"Stroke","I69222"
"Stroke","I69223"
"Stroke","I69228"
"Stroke","I6923"
"Stroke","I69231"
"Stroke","I69232"
"Stroke","I69233"
"Stroke","I69234"
"Stroke","I69239"
"Stroke","I6924"
"Stroke","I69241"
"Stroke","I69242"
"Stroke","I69243"
"Stroke","I69244"
"Stroke","I69249"
"Stroke","I6925"
"Stroke","I69251"
"Stroke","I69252"
"Stroke","I69253"
"Stroke","I69254"
"Stroke","I69259"
"Stroke","I6926"
"Stroke","I69261"
"Stroke","I69262"
"Stroke","I69263"
"Stroke","I69264"
"Stroke","I69265"
"Stroke","I69269"
"Stroke","I6929"
"Stroke","I69290"
"Stroke","I69291"
"Stroke","I69292"
"Stroke","I69293"
"Stroke","I69298"
"Stroke","I693"
"Stroke","I6930"
"Stroke","I6931"
"Stroke","I69310"
"Stroke","I69311"
"Stroke","I69312"
"Stroke","I69313"
"Stroke","I69314"
"Stroke","I69315"
"Stroke","I69318"
"Stroke","I69319"
"Stroke","I6932"
"Stroke","I69320"
"Stroke","I69321"
"Stroke","I69322"
"Stroke","I69323"
"Stroke","I69328"
"Stroke","I6933"
"Stroke","I69331"
"Stroke","I69332"
"Stroke","I69333"
"Stroke","I69334"
"Stroke","I69339"
"Stroke","I6934"
"Stroke","I69341"
"Stroke","I69342"
"Stroke","I69343"
"Stroke","I69344"
"Stroke","I69349"
"Stroke","I6935"
"Stroke","I69351"
"Stroke","I69352"
"Stroke","I69353"
"Stroke","I69354"
"Stroke","I69359"
"Stroke","I6936"
"Stroke","I69361"
"Stroke","I69362"
"Stroke","I69363"
"Stroke","I69364"
"Stroke","I69365"
"Stroke","I69369"
"Stroke","I6939"
"Stroke","I69390"
"Stroke","I69391"
"Stroke","I69392"
"Stroke","I69393"
"Stroke","I69398"
"Stroke","I698"
"Stroke","I6980"
"Stroke","I6981"
"Stroke","I69810"
"Stroke","I69811"
"Stroke","I69812"
"Stroke","I69813"
"Stroke","I69814"
"Stroke","I69815"
"Stroke","I69818"
"Stroke","I69819"
"Stroke","I6982"
"Stroke","I69820"
"Stroke","I69821"
"Stroke","I69822"
"Stroke","I69823"
"Stroke","I69828"
"Stroke","I6983"
"Stroke","I69831"
"Stroke","I69832"
"Stroke","I69833"
"Stroke","I69834"
"Stroke","I69839"
"Stroke","I6984"
"Stroke","I69841"
"Stroke","I69842"
"Stroke","I69843"
"Stroke","I69844"
"Stroke","I69849"
"Stroke","I6985"
"Stroke","I69851"
"Stroke","I69852"
"Stroke","I69853"
"Stroke","I69854"
"Stroke","I69859"
"Stroke","I6986"
"Stroke","I69861"
"Stroke","I69862"
"Stroke","I69863"
"Stroke","I69864"
"Stroke","I69865"
"Stroke","I69869"
"Stroke","I6989"
"Stroke","I69890"
"Stroke","I69891"
"Stroke","I69892"
"Stroke","I69893"
"Stroke","I69898"
"Stroke","I699"
"Stroke","I6990"
"Stroke","I6991"
"Stroke","I69910"
"Stroke","I69911"
"Stroke","I69912"
"Stroke","I69913"
"Stroke","I69914"
"Stroke","I69915"
"Stroke","I69918"
"Stroke","I69919"
"Stroke","I6992"
"Stroke","I69920"
"Stroke","I69921"
"Stroke","I69922"
"Stroke","I69923"
"Stroke","I69928"
"Stroke","I6993"
"Stroke","I69931"
"Stroke","I69932"
"Stroke","I69933"
"Stroke","I69934"
"Stroke","I69939"
"Stroke","I6994"
"Stroke","I69941"
"Stroke","I69942"
"Stroke","I69943"
"Stroke","I69944"
"Stroke","I69949"
"Stroke","I6995"
"Stroke","I69951"
"Stroke","I69952"
"Stroke","I69953"
"Stroke","I69954"
"Stroke","I69959"
"Stroke","I6996"
"Stroke","I69961"
"Stroke","I69962"
"Stroke","I69963"
"Stroke","I69964"
"Stroke","I69965"
"Stroke","I69969"
"Stroke","I6999"
"Stroke","I69990"
"Stroke","I69991"
"Stroke","I69992"
"Stroke","I69993"
"Stroke","I69998"
"Dementia","F00"
"Dementia","F01"
"Dementia","F015"
"Dementia","F0150"
"Dementia","F0151"
"Dementia","F02"
"Dementia","F028"
"Dementia","F0280"
"Dementia","F0281"
"Dementia","F03"
"Dementia","F039"
"Dementia","F0390"
"Dementia","F0391"
"Dementia","F051"
"Dementia","G30"
"Dementia","G300"
"Dementia","G301"
"Dementia","G308"
"Dementia","G309"
"Dementia","G311"
"Pulmonary","I278"
"Pulmonary","I2781"
"Pulmonary","I2782"
"Pulmonary","I2783"
"Pulmonary","I2789"
"Pulmonary","I279"
"Pulmonary","J40"
"Pulmonary","J41"
"Pulmonary","J410"
"Pulmonary","J411"
"Pulmonary","J418"
"Pulmonary","J42"
"Pulmonary","J43"
"Pulmonary","J430"
"Pulmonary","J431"
"Pulmonary","J432"
"Pulmonary","J438"
"Pulmonary","J439"
"Pulmonary","J44"
"Pulmonary","J440"
"Pulmonary","J441"
"Pulmonary","J449"
"Pulmonary","J45"
"Pulmonary","J452"
"Pulmonary","J4520"
"Pulmonary","J4521"
"Pulmonary","J4522"
"Pulmonary","J453"
"Pulmonary","J4530"
"Pulmonary","J4531"
"Pulmonary","J4532"
"Pulmonary","J454"
"Pulmonary","J4540"
"Pulmonary","J4541"
"Pulmonary","J4542"
"Pulmonary","J455"
"Pulmonary","J4550"
"Pulmonary","J4551"
"Pulmonary","J4552"
"Pulmonary","J459"
"Pulmonary","J4590"
"Pulmonary","J45901"
"Pulmonary","J45902"
"Pulmonary","J45909"
"Pulmonary","J4599"
"Pulmonary","J45990"
"Pulmonary","J45991"
"Pulmonary","J45998"
"Pulmonary","J46"
"Pulmonary","J47"
"Pulmonary","J470"
"Pulmonary","J471"
"Pulmonary","J479"
"Pulmonary","J60"
"Pulmonary","J61"
"Pulmonary","J62"
"Pulmonary","J620"
"Pulmonary","J628"
"Pulmonary","J63"
"Pulmonary","J630"
"Pulmonary","J631"
"Pulmonary","J632"
"Pulmonary","J633"
"Pulmonary","J634"
"Pulmonary","J635"
"Pulmonary","J636"
"Pulmonary","J64"
"Pulmonary","J65"
"Pulmonary","J66"
"Pulmonary","J660"
"Pulmonary","J661"
"Pulmonary","J662"
"Pulmonary","J668"
"Pulmonary","J67"
"Pulmonary","J670"
"Pulmonary","J671"
"Pulmonary","J672"
"Pulmonary","J673"
"Pulmonary","J674"
"Pulmonary","J675"
"Pulmonary","J676"
"Pulmonary","J677"
"Pulmonary","J678"
"Pulmonary","J679"
"Pulmonary","J684"
"Pulmonary","J701"
"Pulmonary","J703"
"Rheumatic","M05"
"Rheumatic","M050"
"Rheumatic","M0500"
"Rheumatic","M0501"
"Rheumatic","M05011"
"Rheumatic","M05012"
"Rheumatic","M05019"
"Rheumatic","M0502"
"Rheumatic","M05021"
"Rheumatic","M05022"
"Rheumatic","M05029"
"Rheumatic","M0503"
"Rheumatic","M05031"
"Rheumatic","M05032"
"Rheumatic","M05039"
"Rheumatic","M0504"
"Rheumatic","M05041"
"Rheumatic","M05042"
"Rheumatic","M05049"
"Rheumatic","M0505"
"Rheumatic","M05051"
"Rheumatic","M05052"
"Rheumatic","M05059"
"Rheumatic","M0506"
"Rheumatic","M05061"
"Rheumatic","M05062"
"Rheumatic","M05069"
"Rheumatic","M0507"
"Rheumatic","M05071"
"Rheumatic","M05072"
"Rheumatic","M05079"
"Rheumatic","M0509"
"Rheumatic","M051"
"Rheumatic","M0510"
"Rheumatic","M0511"
"Rheumatic","M05111"
"Rheumatic","M05112"
"Rheumatic","M05119"
"Rheumatic","M0512"
"Rheumatic","M05121"
"Rheumatic","M05122"
"Rheumatic","M05129"
"Rheumatic","M0513"
"Rheumatic","M05131"
"Rheumatic","M05132"
"Rheumatic","M05139"
"Rheumatic","M0514"
"Rheumatic","M05141"
"Rheumatic","M05142"
"Rheumatic","M05149"
"Rheumatic","M0515"
"Rheumatic","M05151"
"Rheumatic","M05152"
"Rheumatic","M05159"
"Rheumatic","M0516"
"Rheumatic","M05161"
"Rheumatic","M05162"
"Rheumatic","M05169"
"Rheumatic","M0517"
"Rheumatic","M05171"
"Rheumatic","M05172"
"Rheumatic","M05179"
"Rheumatic","M0519"
"Rheumatic","M052"
"Rheumatic","M0520"
"Rheumatic","M0521"
"Rheumatic","M05211"
"Rheumatic","M05212"
"Rheumatic","M05219"
"Rheumatic","M0522"
"Rheumatic","M05221"
"Rheumatic","M05222"
"Rheumatic","M05229"
"Rheumatic","M0523"
"Rheumatic","M05231"
"Rheumatic","M05232"
"Rheumatic","M05239"
"Rheumatic","M0524"
"Rheumatic","M05241"
"Rheumatic","M05242"
"Rheumatic","M05249"
"Rheumatic","M0525"
"Rheumatic","M05251"
"Rheumatic","M05252"
"Rheumatic","M05259"
"Rheumatic","M0526"
"Rheumatic","M05261"
"Rheumatic","M05262"
"Rheumatic","M05269"
"Rheumatic","M0527"
"Rheumatic","M05271"
"Rheumatic","M05272"
"Rheumatic","M05279"
"Rheumatic","M0529"
"Rheumatic","M053"
"Rheumatic","M0530"
"Rheumatic","M0531"
"Rheumatic","M05311"
"Rheumatic","M05312"
"Rheumatic","M05319"
"Rheumatic","M0532"
"Rheumatic","M05321"
"Rheumatic","M05322"
"Rheumatic","M05329"
"Rheumatic","M0533"
"Rheumatic","M05331"
"Rheumatic","M05332"
"Rheumatic","M05339"
"Rheumatic","M0534"
"Rheumatic","M05341"
"Rheumatic","M05342"
"Rheumatic","M05349"
"Rheumatic","M0535"
"Rheumatic","M05351"
"Rheumatic","M05352"
"Rheumatic","M05359"
"Rheumatic","M0536"
"Rheumatic","M05361"
"Rheumatic","M05362"
"Rheumatic","M05369"
"Rheumatic","M0537"
"Rheumatic","M05371"
"Rheumatic","M05372"
"Rheumatic","M05379"
"Rheumatic","M0539"
"Rheumatic","M054"
"Rheumatic","M0540"
"Rheumatic","M0541"
"Rheumatic","M05411"
"Rheumatic","M05412"
"Rheumatic","M05419"
"Rheumatic","M0542"
"Rheumatic","M05421"
"Rheumatic","M05422"
"Rheumatic","M05429"
"Rheumatic","M0543"
"Rheumatic","M05431"
"Rheumatic","M05432"
"Rheumatic","M05439"
"Rheumatic","M0544"
"Rheumatic","M05441"
"Rheumatic","M05442"
"Rheumatic","M05449"
"Rheumatic","M0545"
"Rheumatic","M05451"
"Rheumatic","M05452"
"Rheumatic","M05459"
"Rheumatic","M0546"
"Rheumatic","M05461"
"Rheumatic","M05462"
"Rheumatic","M05469"
"Rheumatic","M0547"
"Rheumatic","M05471"
"Rheumatic","M05472"
"Rheumatic","M05479"
"Rheumatic","M0549"
"Rheumatic","M055"
"Rheumatic","M0550"
"Rheumatic","M0551"
"Rheumatic","M05511"
"Rheumatic","M05512"
"Rheumatic","M05519"
"Rheumatic","M0552"
"Rheumatic","M05521"
"Rheumatic","M05522"
"Rheumatic","M05529"
"Rheumatic","M0553"
"Rheumatic","M05531"
"Rheumatic","M05532"
"Rheumatic","M05539"
"Rheumatic","M0554"
"Rheumatic","M05541"
"Rheumatic","M05542"
"Rheumatic","M05549"
"Rheumatic","M0555"
"Rheumatic","M05551"
"Rheumatic","M05552"
"Rheumatic","M05559"
"Rheumatic","M0556"
"Rheumatic","M05561"
"Rheumatic","M05562"
"Rheumatic","M05569"
"Rheumatic","M0557"
"Rheumatic","M05571"
"Rheumatic","M05572"
"Rheumatic","M05579"
"Rheumatic","M0559"
"Rheumatic","M056"
"Rheumatic","M0560"
"Rheumatic","M0561"
"Rheumatic","M05611"
"Rheumatic","M05612"
"Rheumatic","M05619"
"Rheumatic","M0562"
"Rheumatic","M05621"
"Rheumatic","M05622"
"Rheumatic","M05629"
"Rheumatic","M0563"
"Rheumatic","M05631"
"Rheumatic","M05632"
"Rheumatic","M05639"
"Rheumatic","M0564"
"Rheumatic","M05641"
"Rheumatic","M05642"
"Rheumatic","M05649"
"Rheumatic","M0565"
"Rheumatic","M05651"
"Rheumatic","M05652"
"Rheumatic","M05659"
"Rheumatic","M0566"
"Rheumatic","M05661"
"Rheumatic","M05662"
"Rheumatic","M05669"
"Rheumatic","M0567"
"Rheumatic","M05671"
"Rheumatic","M05672"
"Rheumatic","M05679"
"Rheumatic","M0569"
"Rheumatic","M057"
"Rheumatic","M0570"
"Rheumatic","M0571"
"Rheumatic","M05711"
"Rheumatic","M05712"
"Rheumatic","M05719"
"Rheumatic","M0572"
"Rheumatic","M05721"
"Rheumatic","M05722"
"Rheumatic","M05729"
"Rheumatic","M0573"
"Rheumatic","M05731"
"Rheumatic","M05732"
"Rheumatic","M05739"
"Rheumatic","M0574"
"Rheumatic","M05741"
"Rheumatic","M05742"
"Rheumatic","M05749"
"Rheumatic","M0575"
"Rheumatic","M05751"
"Rheumatic","M05752"
"Rheumatic","M05759"
"Rheumatic","M0576"
"Rheumatic","M05761"
"Rheumatic","M05762"
"Rheumatic","M05769"
"Rheumatic","M0577"
"Rheumatic","M05771"
"Rheumatic","M05772"
"Rheumatic","M05779"
"Rheumatic","M0579"
"Rheumatic","M058"
"Rheumatic","M0580"
"Rheumatic","M0581"
"Rheumatic","M05811"
"Rheumatic","M05812"
"Rheumatic","M05819"
"Rheumatic","M0582"
"Rheumatic","M05821"
"Rheumatic","M05822"
"Rheumatic","M05829"
"Rheumatic","M0583"
"Rheumatic","M05831"
"Rheumatic","M05832"
"Rheumatic","M05839"
"Rheumatic","M0584"
"Rheumatic","M05841"
"Rheumatic","M05842"
"Rheumatic","M05849"
"Rheumatic","M0585"
"Rheumatic","M05851"
"Rheumatic","M05852"
"Rheumatic","M05859"
"Rheumatic","M0586"
"Rheumatic","M05861"
"Rheumatic","M05862"
"Rheumatic","M05869"
"Rheumatic","M0587"
"Rheumatic","M05871"
"Rheumatic","M05872"
"Rheumatic","M05879"
"Rheumatic","M0589"
"Rheumatic","M059"
"Rheumatic","M06"
"Rheumatic","M060"
"Rheumatic","M0600"
"Rheumatic","M0601"
"Rheumatic","M06011"
"Rheumatic","M06012"
"Rheumatic","M06019"
"Rheumatic","M0602"
"Rheumatic","M06021"
"Rheumatic","M06022"
"Rheumatic","M06029"
"Rheumatic","M0603"
"Rheumatic","M06031"
"Rheumatic","M06032"
"Rheumatic","M06039"
"Rheumatic","M0604"
"Rheumatic","M06041"
"Rheumatic","M06042"
"Rheumatic","M06049"
"Rheumatic","M0605"
"Rheumatic","M06051"
"Rheumatic","M06052"
"Rheumatic","M06059"
"Rheumatic","M0606"
"Rheumatic","M06061"
"Rheumatic","M06062"
"Rheumatic","M06069"
"Rheumatic","M0607"
"Rheumatic","M06071"
"Rheumatic","M06072"
"Rheumatic","M06079"
"Rheumatic","M0608"
"Rheumatic","M0609"
"Rheumatic","M061"
"Rheumatic","M062"
"Rheumatic","M0620"
"Rheumatic","M0621"
"Rheumatic","M06211"
"Rheumatic","M06212"
"Rheumatic","M06219"
"Rheumatic","M0622"
"Rheumatic","M06221"
"Rheumatic","M06222"
"Rheumatic","M06229"
"Rheumatic","M0623"
"Rheumatic","M06231"
"Rheumatic","M06232"
"Rheumatic","M06239"
"Rheumatic","M0624"
"Rheumatic","M06241"
"Rheumatic","M06242"
"Rheumatic","M06249"
"Rheumatic","M0625"
"Rheumatic","M06251"
"Rheumatic","M06252"
"Rheumatic","M06259"
"Rheumatic","M0626"
"Rheumatic","M06261"
"Rheumatic","M06262"
"Rheumatic","M06269"
"Rheumatic","M0627"
"Rheumatic","M06271"
"Rheumatic","M06272"
"Rheumatic","M06279"
"Rheumatic","M0628"
"Rheumatic","M0629"
"Rheumatic","M063"
"Rheumatic","M0630"
"Rheumatic","M0631"
"Rheumatic","M06311"
"Rheumatic","M06312"
"Rheumatic","M06319"
"Rheumatic","M0632"
"Rheumatic","M06321"
"Rheumatic","M06322"
"Rheumatic","M06329"
"Rheumatic","M0633"
"Rheumatic","M06331"
"Rheumatic","M06332"
"Rheumatic","M06339"
"Rheumatic","M0634"
"Rheumatic","M06341"
"Rheumatic","M06342"
"Rheumatic","M06349"
"Rheumatic","M0635"
"Rheumatic","M06351"
"Rheumatic","M06352"
"Rheumatic","M06359"
"Rheumatic","M0636"
"Rheumatic","M06361"
"Rheumatic","M06362"
"Rheumatic","M06369"
"Rheumatic","M0637"
"Rheumatic","M06371"
"Rheumatic","M06372"
"Rheumatic","M06379"
"Rheumatic","M0638"
"Rheumatic","M0639"
"Rheumatic","M064"
"Rheumatic","M068"
"Rheumatic","M0680"
"Rheumatic","M0681"
"Rheumatic","M06811"
"Rheumatic","M06812"
"Rheumatic","M06819"
"Rheumatic","M0682"
"Rheumatic","M06821"
"Rheumatic","M06822"
"Rheumatic","M06829"
"Rheumatic","M0683"
"Rheumatic","M06831"
"Rheumatic","M06832"
"Rheumatic","M06839"
"Rheumatic","M0684"
"Rheumatic","M06841"
"Rheumatic","M06842"
"Rheumatic","M06849"
"Rheumatic","M0685"
"Rheumatic","M06851"
"Rheumatic","M06852"
"Rheumatic","M06859"
"Rheumatic","M0686"
"Rheumatic","M06861"
"Rheumatic","M06862"
"Rheumatic","M06869"
"Rheumatic","M0687"
"Rheumatic","M06871"
"Rheumatic","M06872"
"Rheumatic","M06879"
"Rheumatic","M0688"
"Rheumatic","M0689"
"Rheumatic","M069"
"Rheumatic","M315"
"Rheumatic","M32"
"Rheumatic","M320"
"Rheumatic","M321"
"Rheumatic","M3210"
"Rheumatic","M3211"
"Rheumatic","M3212"
"Rheumatic","M3213"
"Rheumatic","M3214"
"Rheumatic","M3215"
"Rheumatic","M3219"
"Rheumatic","M328"
"Rheumatic","M329"
"Rheumatic","M33"
"Rheumatic","M330"
"Rheumatic","M3300"
"Rheumatic","M3301"
"Rheumatic","M3302"
"Rheumatic","M3303"
"Rheumatic","M3309"
"Rheumatic","M331"
"Rheumatic","M3310"
"Rheumatic","M3311"
"Rheumatic","M3312"
"Rheumatic","M3313"
"Rheumatic","M3319"
"Rheumatic","M332"
"Rheumatic","M3320"
"Rheumatic","M3321"
"Rheumatic","M3322"
"Rheumatic","M3329"
"Rheumatic","M339"
"Rheumatic","M3390"
"Rheumatic","M3391"
"Rheumatic","M3392"
"Rheumatic","M3393"
"Rheumatic","M3399"
"Rheumatic","M34"
"Rheumatic","M340"
"Rheumatic","M341"
"Rheumatic","M342"
"Rheumatic","M348"
"Rheumatic","M3481"
"Rheumatic","M3482"
"Rheumatic","M3483"
"Rheumatic","M3489"
"Rheumatic","M349"
"Rheumatic","M351"
"Rheumatic","M353"
"Rheumatic","M360"
"PUD","K25"
"PUD","K250"
"PUD","K251"
"PUD","K252"
"PUD","K253"
"PUD","K254"
"PUD","K255"
"PUD","K256"
"PUD","K257"
"PUD","K259"
"PUD","K26"
"PUD","K260"
"PUD","K261"
"PUD","K262"
"PUD","K263"
"PUD","K264"
"PUD","K265"
"PUD","K266"
"PUD","K267"
"PUD","K269"
"PUD","K27"
"PUD","K270"
"PUD","K271"
"PUD","K272"
"PUD","K273"
"PUD","K274"
"PUD","K275"
"PUD","K276"
"PUD","K277"
"PUD","K279"
"PUD","K28"
"PUD","K280"
"PUD","K281"
"PUD","K282"
"PUD","K283"
"PUD","K284"
"PUD","K285"
"PUD","K286"
"PUD","K287"
"PUD","K289"
"LiverMild","B18"
"LiverMild","B180"
"LiverMild","B181"
"LiverMild","B182"
"LiverMild","B188"
"LiverMild","B189"
"LiverMild","K700"
"LiverMild","K701"
"LiverMild","K7010"
"LiverMild","K7011"
"LiverMild","K702"
"LiverMild","K703"
"LiverMild","K7030"
"LiverMild","K7031"
"LiverMild","K709"
"LiverMild","K713"
"LiverMild","K714"
"LiverMild","K715"
"LiverMild","K7150"
"LiverMild","K7151"
"LiverMild","K717"
"LiverMild","K73"
"LiverMild","K730"
"LiverMild","K731"
"LiverMild","K732"
"LiverMild","K738"
"LiverMild","K739"
"LiverMild","K74"
"LiverMild","K740"
"LiverMild","K741"
"LiverMild","K742"
"LiverMild","K743"
"LiverMild","K744"
"LiverMild","K745"
"LiverMild","K746"
"LiverMild","K7460"
"LiverMild","K7469"
"LiverMild","K760"
"LiverMild","K762"
"LiverMild","K763"
"LiverMild","K764"
"LiverMild","K768"
"LiverMild","K7681"
"LiverMild","K7689"
"LiverMild","K769"
"LiverMild","Z944"
"DM","E100"
"DM","E101"
"DM","E1010"
"DM","E1011"
"DM","E106"
"DM","E1061"
"DM","E10610"
"DM","E10618"
"DM","E1062"
"DM","E10620"
"DM","E10621"
"DM","E10622"
"DM","E10628"
"DM","E1063"
"DM","E10630"
"DM","E10638"
"DM","E1064"
"DM","E10641"
"DM","E10649"
"DM","E1065"
"DM","E1069"
"DM","E108"
"DM","E109"
"DM","E110"
"DM","E1100"
"DM","E1101"
"DM","E111"
"DM","E1110"
"DM","E1111"
"DM","E116"
"DM","E1161"
"DM","E11610"
"DM","E11618"
"DM","E1162"
"DM","E11620"
"DM","E11621"
"DM","E11622"
"DM","E11628"
"DM","E1163"
"DM","E11630"
"DM","E11638"
"DM","E1164"
"DM","E11641"
"DM","E11649"
"DM","E1165"
"DM","E1169"
"DM","E118"
"DM","E119"
"DM","E120"
"DM","E121"
"DM","E126"
"DM","E128"
"DM","E129"
"DM","E130"
"DM","E1300"
"DM","E1301"
"DM","E131"
"DM","E1310"
"DM","E1311"
"DM","E136"
"DM","E1361"
"DM","E13610"
"DM","E13618"
"DM","E1362"
"DM","E13620"
"DM","E13621"
"DM","E13622"
"DM","E13628"
"DM","E1363"
"DM","E13630"
"DM","E13638"
"DM","E1364"
"DM","E13641"
"DM","E13649"
"DM","E1365"
"DM","E1369"
"DM","E138"
"DM","E139"
"DM","E140"
"DM","E141"
"DM","E146"
"DM","E148"
"DM","E149"
"DMcx","E102"
"DMcx","E1021"
"DMcx","E1022"
"DMcx","E1029"
"DMcx","E103"
"DMcx","E1031"
"DMcx","E10311"
"DMcx","E10319"
"DMcx","E1032"
"DMcx","E10321"
"DMcx","E103211"
"DMcx","E103212"
"DMcx","E103213"
"DMcx","E103219"
"DMcx","E10329"
"DMcx","E103291"
"DMcx","E103292"
"DMcx","E103293"
"DMcx","E103299"
"DMcx","E1033"
"DMcx","E10331"
"DMcx","E103311"
"DMcx","E103312"
"DMcx","E103313"
"DMcx","E103319"
"DMcx","E10339"
"DMcx","E103391"
"DMcx","E103392"
"DMcx","E103393"
"DMcx","E103399"
"DMcx","E1034"
"DMcx","E10341"
"DMcx","E103411"
"DMcx","E103412"
"DMcx","E103413"
"DMcx","E103419"
"DMcx","E10349"
"DMcx","E103491"
"DMcx","E103492"
"DMcx","E103493"
"DMcx","E103499"
"DMcx","E1035"
"DMcx","E10351"
"DMcx","E103511"
"DMcx","E103512"
"DMcx","E103513"
"DMcx","E103519"
"DMcx","E10352"
"DMcx","E103521"
"DMcx","E103522"
"DMcx","E103523"
"DMcx","E103529"
"DMcx","E10353"
"DMcx","E103531"
"DMcx","E103532"
"DMcx","E103533"
"DMcx","E103539"
"DMcx","E10354"
"DMcx","E103541"
"DMcx","E103542"
"DMcx","E103543"
"DMcx","E103549"
"DMcx","E10355"
"DMcx","E103551"
"DMcx","E103552"
"DMcx","E103553"
"DMcx","E103559"
"DMcx","E10359"
"DMcx","E103591"
"DMcx","E103592"
"DMcx","E103593"
"DMcx","E103599"
"DMcx","E1036"
"DMcx","E1037"
"DMcx","E1037X1"
"DMcx","E1037X2"
"DMcx","E1037X3"
"DMcx","E1037X9"
"DMcx","E1039"
"DMcx","E104"
"DMcx","E1040"
"DMcx","E1041"
"DMcx","E1042"
"DMcx","E1043"
"DMcx","E1044"
"DMcx","E1049"
"DMcx","E105"
"DMcx","E1051"
"DMcx","E1052"
"DMcx","E1059"
"DMcx","E107"
"DMcx","E112"
"DMcx","E1121"
"DMcx","E1122"
"DMcx","E1129"
"DMcx","E113"
"DMcx","E1131"
"DMcx","E11311"
"DMcx","E11319"
"DMcx","E1132"
"DMcx","E11321"
"DMcx","E113211"
"DMcx","E113212"
"DMcx","E113213"
"DMcx","E113219"
"DMcx","E11329"
"DMcx","E113291"
"DMcx","E113292"
"DMcx","E113293"
"DMcx","E113299"
"DMcx","E1133"
"DMcx","E11331"
"DMcx","E113311"
"DMcx","E113312"
"DMcx","E113313"
"DMcx","E113319"
"DMcx","E11339"
"DMcx","E113391"
"DMcx","E113392"
"DMcx","E113393"
"DMcx","E113399"
"DMcx","E1134"
"DMcx","E11341"
"DMcx","E113411"
"DMcx","E113412"
"DMcx","E113413"
"DMcx","E113419"
"DMcx","E11349"
"DMcx","E113491"
"DMcx","E113492"
"DMcx","E113493"
"DMcx","E113499"
"DMcx","E1135"
"DMcx","E11351"
"DMcx","E113511"
"DMcx","E113512"
"DMcx","E113513"
"DMcx","E113519"
"DMcx","E11352"
"DMcx","E113521"
"DMcx","E113522"
"DMcx","E113523"
"DMcx","E113529"
"DMcx","E11353"
"DMcx","E113531"
"DMcx","E113532"
"DMcx","E113533"
"DMcx","E113539"
"DMcx","E11354"
"DMcx","E113541"
"DMcx","E113542"
"DMcx","E113543"
"DMcx","E113549"
"DMcx","E11355"
"DMcx","E113551"
"DMcx","E113552"
"DMcx","E113553"
"DMcx","E113559"
"DMcx","E11359"
"DMcx","E113591"
"DMcx","E113592"
"DMcx","E113593"
"DMcx","E113599"
"DMcx","E1136"
"DMcx","E1137"
"DMcx","E1137X1"
"DMcx","E1137X2"
"DMcx","E1137X3"
"DMcx","E1137X9"
"DMcx","E1139"
"DMcx","E114"
"DMcx","E1140"
"DMcx","E1141"
"DMcx","E1142"
"DMcx","E1143"
"DMcx","E1144"
"DMcx","E1149"
"DMcx","E115"
"DMcx","E1151"
"DMcx","E1152"
"DMcx","E1159"
"DMcx","E117"
"DMcx","E122"
"DMcx","E123"
"DMcx","E124"
"DMcx","E125"
"DMcx","E127"
"DMcx","E132"
"DMcx","E1321"
"DMcx","E1322"
"DMcx","E1329"
"DMcx","E133"
"DMcx","E1331"
"DMcx","E13311"
"DMcx","E13319"
"DMcx","E1332"
"DMcx","E13321"
"DMcx","E133211"
"DMcx","E133212"
"DMcx","E133213"
"DMcx","E133219"
"DMcx","E13329"
"DMcx","E133291"
"DMcx","E133292"
"DMcx","E133293"
"DMcx","E133299"
"DMcx","E1333"
"DMcx","E13331"
"DMcx","E133311"
"DMcx","E133312"
"DMcx","E133313"
"DMcx","E133319"
"DMcx","E13339"
"DMcx","E133391"
"DMcx","E133392"
"DMcx","E133393"
"DMcx","E133399"
"DMcx","E1334"
"DMcx","E13341"
"DMcx","E133411"
"DMcx","E133412"
"DMcx","E133413"
"DMcx","E133419"
"DMcx","E13349"
"DMcx","E133491"
"DMcx","E133492"
"DMcx","E133493"
"DMcx","E133499"
"DMcx","E1335"
"DMcx","E13351"
"DMcx","E133511"
"DMcx","E133512"
"DMcx","E133513"
"DMcx","E133519"
"DMcx","E13352"
"DMcx","E133521"
"DMcx","E133522"
"DMcx","E133523"
"DMcx","E133529"
"DMcx","E13353"
"DMcx","E133531"
"DMcx","E133532"
"DMcx","E133533"
"DMcx","E133539"
"DMcx","E13354"
"DMcx","E133541"
"DMcx","E133542"
"DMcx","E133543"
"DMcx","E133549"
"DMcx","E13355"
"DMcx","E133551"
"DMcx","E133552"
"DMcx","E133553"
"DMcx","E133559"
"DMcx","E13359"
"DMcx","E133591"
"DMcx","E133592"
"DMcx","E133593"
"DMcx","E133599"
"DMcx","E1336"
"DMcx","E1337"
"DMcx","E1337X1"
"DMcx","E1337X2"
"DMcx","E1337X3"
"DMcx","E1337X9"
"DMcx","E1339"
"DMcx","E134"
"DMcx","E1340"
"DMcx","E1341"
"DMcx","E1342"
"DMcx","E1343"
"DMcx","E1344"
"DMcx","E1349"
"DMcx","E135"
"DMcx","E1351"
"DMcx","E1352"
"DMcx","E1359"
"DMcx","E137"
"DMcx","E142"
"DMcx","E143"
"DMcx","E144"
"DMcx","E145"
"DMcx","E147"
"Paralysis","G041"
"Paralysis","G114"
"Paralysis","G801"
"Paralysis","G802"
"Paralysis","G81"
"Paralysis","G810"
"Paralysis","G8100"
"Paralysis","G8101"
"Paralysis","G8102"
"Paralysis","G8103"
"Paralysis","G8104"
"Paralysis","G811"
"Paralysis","G8110"
"Paralysis","G8111"
"Paralysis","G8112"
"Paralysis","G8113"
"Paralysis","G8114"
"Paralysis","G819"
"Paralysis","G8190"
"Paralysis","G8191"
"Paralysis","G8192"
"Paralysis","G8193"
"Paralysis","G8194"
"Paralysis","G82"
"Paralysis","G822"
"Paralysis","G8220"
"Paralysis","G8221"
"Paralysis","G8222"
"Paralysis","G825"
"Paralysis","G8250"
"Paralysis","G8251"
"Paralysis","G8252"
"Paralysis","G8253"
"Paralysis","G8254"
"Paralysis","G830"
"Paralysis","G831"
"Paralysis","G8310"
"Paralysis","G8311"
"Paralysis","G8312"
"Paralysis","G8313"
"Paralysis","G8314"
"Paralysis","G832"
"Paralysis","G8320"
"Paralysis","G8321"
"Paralysis","G8322"
"Paralysis","G8323"
"Paralysis","G8324"
"Paralysis","G833"
"Paralysis","G8330"
"Paralysis","G8331"
"Paralysis","G8332"
"Paralysis","G8333"
"Paralysis","G8334"
"Paralysis","G834"
"Paralysis","G839"
"Renal","I120"
"Renal","I131"
"Renal","I1310"
"Renal","I1311"
"Renal","N032"
"Renal","N033"
"Renal","N034"
"Renal","N035"
"Renal","N036"
"Renal","N037"
"Renal","N052"
"Renal","N053"
"Renal","N054"
"Renal","N055"
"Renal","N056"
"Renal","N057"
"Renal","N18"
"Renal","N181"
"Renal","N182"
"Renal","N183"
"Renal","N184"
"Renal","N185"
"Renal","N186"
"Renal","N189"
"Renal","N19"
"Renal","N250"
"Renal","Z490"
"Renal","Z4901"
"Renal","Z4902"
"Renal","Z491"
"Renal","Z492"
"Renal","Z940"
"Renal","Z992"
"Cancer","C00"
"Cancer","C000"
"Cancer","C001"
"Cancer","C002"
"Cancer","C003"
"Cancer","C004"
"Cancer","C005"
"Cancer","C006"
"Cancer","C008"
"Cancer","C009"
"Cancer","C01"
"Cancer","C02"
"Cancer","C020"
"Cancer","C021"
"Cancer","C022"
"Cancer","C023"
"Cancer","C024"
"Cancer","C028"
"Cancer","C029"
"Cancer","C03"
"Cancer","C030"
"Cancer","C031"
"Cancer","C039"
"Cancer","C04"
"Cancer","C040"
"Cancer","C041"
"Cancer","C048"
"Cancer","C049"
"Cancer","C05"
"Cancer","C050"
"Cancer","C051"
"Cancer","C052"
"Cancer","C058"
"Cancer","C059"
"Cancer","C06"
"Cancer","C060"
"Cancer","C061"
"Cancer","C062"
"Cancer","C068"
"Cancer","C0680"
"Cancer","C0689"
"Cancer","C069"
"Cancer","C07"
"Cancer","C08"
"Cancer","C080"
"Cancer","C081"
"Cancer","C089"
"Cancer","C09"
"Cancer","C090"
"Cancer","C091"
"Cancer","C098"
"Cancer","C099"
"Cancer","C10"
"Cancer","C100"
"Cancer","C101"
"Cancer","C102"
"Cancer","C103"
"Cancer","C104"
"Cancer","C108"
"Cancer","C109"
"Cancer","C11"
"Cancer","C110"
"Cancer","C111"
"Cancer","C112"
"Cancer","C113"
"Cancer","C118"
"Cancer","C119"
"Cancer","C12"
"Cancer","C13"
"Cancer","C130"
"Cancer","C131"
"Cancer","C132"
"Cancer","C138"
"Cancer","C139"
"Cancer","C14"
"Cancer","C140"
"Cancer","C142"
"Cancer","C148"
"Cancer","C15"
"Cancer","C153"
"Cancer","C154"
"Cancer","C155"
"Cancer","C158"
"Cancer","C159"
"Cancer","C16"
"Cancer","C160"
"Cancer","C161"
"Cancer","C162"
"Cancer","C163"
"Cancer","C164"
"Cancer","C165"
"Cancer","C166"
"Cancer","C168"
"Cancer","C169"
"Cancer","C17"
"Cancer","C170"
"Cancer","C171"
"Cancer","C172"
"Cancer","C173"
"Cancer","C178"
"Cancer","C179"
"Cancer","C18"
"Cancer","C180"
"Cancer","C181"
"Cancer","C182"
"Cancer","C183"
"Cancer","C184"
"Cancer","C185"
"Cancer","C186"
"Cancer","C187"
"Cancer","C188"
"Cancer","C189"
"Cancer","C19"
"Cancer","C20"
"Cancer","C21"
"Cancer","C210"
"Cancer","C211"
"Cancer","C212"
"Cancer","C218"
"Cancer","C22"
"Cancer","C220"
"Cancer","C221"
"Cancer","C222"
"Cancer","C223"
"Cancer","C224"
"Cancer","C227"
"Cancer","C228"
"Cancer","C229"
"Cancer","C23"
"Cancer","C24"
"Cancer","C240"
"Cancer","C241"
"Cancer","C248"
"Cancer","C249"
"Cancer","C25"
"Cancer","C250"
"Cancer","C251"
"Cancer","C252"
"Cancer","C253"
"Cancer","C254"
"Cancer","C257"
"Cancer","C258"
"Cancer","C259"
"Cancer","C26"
"Cancer","C260"
"Cancer","C261"
"Cancer","C269"
"Cancer","C30"
"Cancer","C300"
"Cancer","C301"
"Cancer","C31"
"Cancer","C310"
"Cancer","C311"
"Cancer","C312"
"Cancer","C313"
"Cancer","C318"
"Cancer","C319"
"Cancer","C32"
"Cancer","C320"
"Cancer","C321"
"Cancer","C322"
"Cancer","C323"
"Cancer","C328"
"Cancer","C329"
"Cancer","C33"
"Cancer","C34"
"Cancer","C340"
"Cancer","C3400"
"Cancer","C3401"
"Cancer","C3402"
"Cancer","C341"
"Cancer","C3410"
"Cancer","C3411"
"Cancer","C3412"
"Cancer","C342"
"Cancer","C343"
"Cancer","C3430"
"Cancer","C3431"
"Cancer","C3432"
"Cancer","C348"
"Cancer","C3480"
"Cancer","C3481"
"Cancer","C3482"
"Cancer","C349"
"Cancer","C3490"
"Cancer","C3491"
"Cancer","C3492"
"Cancer","C37"
"Cancer","C38"
"Cancer","C380"
"Cancer","C381"
"Cancer","C382"
"Cancer","C383"
"Cancer","C384"
"Cancer","C388"
"Cancer","C39"
"Cancer","C390"
"Cancer","C399"
"Cancer","C40"
"Cancer","C400"
"Cancer","C4000"
"Cancer","C4001"
"Cancer","C4002"
"Cancer","C401"
"Cancer","C4010"
"Cancer","C4011"
"Cancer","C4012"
"Cancer","C402"
"Cancer","C4020"
"Cancer","C4021"
"Cancer","C4022"
"Cancer","C403"
"Cancer","C4030"
"Cancer","C4031"
"Cancer","C4032"
"Cancer","C408"
"Cancer","C4080"
"Cancer","C4081"
"Cancer","C4082"
"Cancer","C409"
"Cancer","C4090"
"Cancer","C4091"
"Cancer","C4092"
"Cancer","C41"
"Cancer","C410"
"Cancer","C411"
"Cancer","C412"
"Cancer","C413"
"Cancer","C414"
"Cancer","C419"
"Cancer","C43"
"Cancer","C430"
"Cancer","C431"
"Cancer","C4310"
"Cancer","C4311"
"Cancer","C43111"
"Cancer","C43112"
"Cancer","C4312"
"Cancer","C43121"
"Cancer","C43122"
"Cancer","C432"
"Cancer","C4320"
"Cancer","C4321"
"Cancer","C4322"
"Cancer","C433"
"Cancer","C4330"
"Cancer","C4331"
"Cancer","C4339"
"Cancer","C434"
"Cancer","C435"
"Cancer","C4351"
"Cancer","C4352"
"Cancer","C4359"
"Cancer","C436"
"Cancer","C4360"
"Cancer","C4361"
"Cancer","C4362"
"Cancer","C437"
"Cancer","C4370"
"Cancer","C4371"
"Cancer","C4372"
"Cancer","C438"
"Cancer","C439"
"Cancer","C45"
"Cancer","C450"
"Cancer","C451"
"Cancer","C452"
"Cancer","C457"
"Cancer","C459"
"Cancer","C46"
"Cancer","C460"
"Cancer","C461"
"Cancer","C462"
"Cancer","C463"
"Cancer","C464"
"Cancer","C465"
"Cancer","C4650"
"Cancer","C4651"
"Cancer","C4652"
"Cancer","C467"
"Cancer","C469"
"Cancer","C47"
"Cancer","C470"
"Cancer","C471"
"Cancer","C4710"
"Cancer","C4711"
"Cancer","C4712"
"Cancer","C472"
"Cancer","C4720"
"Cancer","C4721"
"Cancer","C4722"
"Cancer","C473"
"Cancer","C474"
"Cancer","C475"
"Cancer","C476"
"Cancer","C478"
"Cancer","C479"
"Cancer","C48"
"Cancer","C480"
"Cancer","C481"
"Cancer","C482"
"Cancer","C488"
"Cancer","C49"
"Cancer","C490"
"Cancer","C491"
"Cancer","C4910"
"Cancer","C4911"
"Cancer","C4912"
"Cancer","C492"
"Cancer","C4920"
"Cancer","C4921"
"Cancer","C4922"
"Cancer","C493"
"Cancer","C494"
"Cancer","C495"
"Cancer","C496"
"Cancer","C498"
"Cancer","C499"
"Cancer","C49A"
"Cancer","C49A0"
"Cancer","C49A1"
"Cancer","C49A2"
"Cancer","C49A3"
"Cancer","C49A4"
"Cancer","C49A5"
"Cancer","C49A9"
"Cancer","C50"
"Cancer","C500"
"Cancer","C5001"
"Cancer","C50011"
"Cancer","C50012"
"Cancer","C50019"
"Cancer","C5002"
"Cancer","C50021"
"Cancer","C50022"
"Cancer","C50029"
"Cancer","C501"
"Cancer","C5011"
"Cancer","C50111"
"Cancer","C50112"
"Cancer","C50119"
"Cancer","C5012"
"Cancer","C50121"
"Cancer","C50122"
"Cancer","C50129"
"Cancer","C502"
"Cancer","C5021"
"Cancer","C50211"
"Cancer","C50212"
"Cancer","C50219"
"Cancer","C5022"
"Cancer","C50221"
"Cancer","C50222"
"Cancer","C50229"
"Cancer","C503"
"Cancer","C5031"
"Cancer","C50311"
"Cancer","C50312"
"Cancer","C50319"
"Cancer","C5032"
"Cancer","C50321"
"Cancer","C50322"
"Cancer","C50329"
"Cancer","C504"
"Cancer","C5041"
"Cancer","C50411"
"Cancer","C50412"
"Cancer","C50419"
"Cancer","C5042"
"Cancer","C50421"
"Cancer","C50422"
"Cancer","C50429"
"Cancer","C505"
"Cancer","C5051"
"Cancer","C50511"
"Cancer","C50512"
"Cancer","C50519"
"Cancer","C5052"
"Cancer","C50521"
"Cancer","C50522"
"Cancer","C50529"
"Cancer","C506"
"Cancer","C5061"
"Cancer","C50611"
"Cancer","C50612"
"Cancer","C50619"
"Cancer","C5062"
"Cancer","C50621"
"Cancer","C50622"
"Cancer","C50629"
"Cancer","C508"
"Cancer","C5081"
"Cancer","C50811"
"Cancer","C50812"
"Cancer","C50819"
"Cancer","C5082"
"Cancer","C50821"
"Cancer","C50822"
"Cancer","C50829"
"Cancer","C509"
"Cancer","C5091"
"Cancer","C50911"
"Cancer","C50912"
"Cancer","C50919"
"Cancer","C5092"
"Cancer","C50921"
"Cancer","C50922"
"Cancer","C50929"
"Cancer","C51"
"Cancer","C510"
"Cancer","C511"
"Cancer","C512"
"Cancer","C518"
"Cancer","C519"
"Cancer","C52"
"Cancer","C53"
"Cancer","C530"
"Cancer","C531"
"Cancer","C538"
"Cancer","C539"
"Cancer","C54"
"Cancer","C540"
"Cancer","C541"
"Cancer","C542"
"Cancer","C543"
"Cancer","C548"
"Cancer","C549"
"Cancer","C55"
"Cancer","C56"
"Cancer","C561"
"Cancer","C562"
"Cancer","C569"
"Cancer","C57"
"Cancer","C570"
"Cancer","C5700"
"Cancer","C5701"
"Cancer","C5702"
"Cancer","C571"
"Cancer","C5710"
"Cancer","C5711"
"Cancer","C5712"
"Cancer","C572"
"Cancer","C5720"
"Cancer","C5721"
"Cancer","C5722"
"Cancer","C573"
"Cancer","C574"
"Cancer","C577"
"Cancer","C578"
"Cancer","C579"
"Cancer","C58"
"Cancer","C60"
"Cancer","C600"
"Cancer","C601"
"Cancer","C602"
"Cancer","C608"
"Cancer","C609"
"Cancer","C61"
"Cancer","C62"
"Cancer","C620"
"Cancer","C6200"
"Cancer","C6201"
"Cancer","C6202"
"Cancer","C621"
"Cancer","C6210"
"Cancer","C6211"
"Cancer","C6212"
"Cancer","C629"
"Cancer","C6290"
"Cancer","C6291"
"Cancer","C6292"
"Cancer","C63"
"Cancer","C630"
"Cancer","C6300"
"Cancer","C6301"
"Cancer","C6302"
"Cancer","C631"
"Cancer","C6310"
"Cancer","C6311"
"Cancer","C6312"
"Cancer","C632"
"Cancer","C637"
"Cancer","C638"
"Cancer","C639"
"Cancer","C64"
"Cancer","C641"
"Cancer","C642"
"Cancer","C649"
"Cancer","C65"
"Cancer","C651"
"Cancer","C652"
"Cancer","C659"
"Cancer","C66"
"Cancer","C661"
"Cancer","C662"
"Cancer","C669"
"Cancer","C67"
"Cancer","C670"
"Cancer","C671"
"Cancer","C672"
"Cancer","C673"
"Cancer","C674"
"Cancer","C675"
"Cancer","C676"
"Cancer","C677"
"Cancer","C678"
"Cancer","C679"
"Cancer","C68"
"Cancer","C680"
"Cancer","C681"
"Cancer","C688"
"Cancer","C689"
"Cancer","C69"
"Cancer","C690"
"Cancer","C6900"
"Cancer","C6901"
"Cancer","C6902"
"Cancer","C691"
"Cancer","C6910"
"Cancer","C6911"
"Cancer","C6912"
"Cancer","C692"
"Cancer","C6920"
"Cancer","C6921"
"Cancer","C6922"
"Cancer","C693"
"Cancer","C6930"
"Cancer","C6931"
"Cancer","C6932"
"Cancer","C694"
"Cancer","C6940"
"Cancer","C6941"
"Cancer","C6942"
"Cancer","C695"
"Cancer","C6950"
"Cancer","C6951"
"Cancer","C6952"
"Cancer","C696"
"Cancer","C6960"
"Cancer","C6961"
"Cancer","C6962"
"Cancer","C698"
"Cancer","C6980"
"Cancer","C6981"
"Cancer","C6982"
"Cancer","C699"
"Cancer","C6990"
"Cancer","C6991"
"Cancer","C6992"
"Cancer","C70"
"Cancer","C700"
"Cancer","C701"
"Cancer","C709"
"Cancer","C71"
"Cancer","C710"
"Cancer","C711"
"Cancer","C712"
"Cancer","C713"
"Cancer","C714"
"Cancer","C715"
"Cancer","C716"
"Cancer","C717"
"Cancer","C718"
"Cancer","C719"
"Cancer","C72"
"Cancer","C720"
"Cancer","C721"
"Cancer","C722"
"Cancer","C7220"
"Cancer","C7221"
"Cancer","C7222"
"Cancer","C723"
"Cancer","C7230"
"Cancer","C7231"
"Cancer","C7232"
"Cancer","C724"
"Cancer","C7240"
"Cancer","C7241"
"Cancer","C7242"
"Cancer","C725"
"Cancer","C7250"
"Cancer","C7259"
"Cancer","C729"
"Cancer","C73"
"Cancer","C74"
"Cancer","C740"
"Cancer","C7400"
"Cancer","C7401"
"Cancer","C7402"
"Cancer","C741"
"Cancer","C7410"
"Cancer","C7411"
"Cancer","C7412"
"Cancer","C749"
"Cancer","C7490"
"Cancer","C7491"
"Cancer","C7492"
"Cancer","C75"
"Cancer","C750"
"Cancer","C751"
"Cancer","C752"
"Cancer","C753"
"Cancer","C754"
"Cancer","C755"
"Cancer","C758"
"Cancer","C759"
"Cancer","C76"
"Cancer","C760"
"Cancer","C761"
"Cancer","C762"
"Cancer","C763"
"Cancer","C764"
"Cancer","C7640"
"Cancer","C7641"
"Cancer","C7642"
"Cancer","C765"
"Cancer","C7650"
"Cancer","C7651"
"Cancer","C7652"
"Cancer","C768"
"Cancer","C7A"
"Cancer","C7A0"
"Cancer","C7A00"
"Cancer","C7A01"
"Cancer","C7A010"
"Cancer","C7A011"
"Cancer","C7A012"
"Cancer","C7A019"
"Cancer","C7A02"
"Cancer","C7A020"
"Cancer","C7A021"
"Cancer","C7A022"
"Cancer","C7A023"
"Cancer","C7A024"
"Cancer","C7A025"
"Cancer","C7A026"
"Cancer","C7A029"
"Cancer","C7A09"
"Cancer","C7A090"
"Cancer","C7A091"
"Cancer","C7A092"
"Cancer","C7A093"
"Cancer","C7A094"
"Cancer","C7A095"
"Cancer","C7A096"
"Cancer","C7A098"
"Cancer","C7A1"
"Cancer","C7A8"
"Cancer","C7B"
"Cancer","C7B0"
"Cancer","C7B00"
"Cancer","C7B01"
"Cancer","C7B02"
"Cancer","C7B03"
"Cancer","C7B04"
"Cancer","C7B09"
"Cancer","C7B1"
"Cancer","C7B8"
"Cancer","C81"
"Cancer","C810"
"Cancer","C8100"
"Cancer","C8101"
"Cancer","C8102"
"Cancer","C8103"
"Cancer","C8104"
"Cancer","C8105"
"Cancer","C8106"
"Cancer","C8107"
"Cancer","C8108"
"Cancer","C8109"
"Cancer","C811"
"Cancer","C8110"
"Cancer","C8111"
"Cancer","C8112"
"Cancer","C8113"
"Cancer","C8114"
"Cancer","C8115"
"Cancer","C8116"
"Cancer","C8117"
"Cancer","C8118"
"Cancer","C8119"
"Cancer","C812"
"Cancer","C8120"
"Cancer","C8121"
"Cancer","C8122"
"Cancer","C8123"
"Cancer","C8124"
"Cancer","C8125"
"Cancer","C8126"
"Cancer","C8127"
"Cancer","C8128"
"Cancer","C8129"
"Cancer","C813"
"Cancer","C8130"
"Cancer","C8131"
"Cancer","C8132"
"Cancer","C8133"
"Cancer","C8134"
"Cancer","C8135"
"Cancer","C8136"
"Cancer","C8137"
"Cancer","C8138"
"Cancer","C8139"
"Cancer","C814"
"Cancer","C8140"
"Cancer","C8141"
"Cancer","C8142"
"Cancer","C8143"
"Cancer","C8144"
"Cancer","C8145"
"Cancer","C8146"
"Cancer","C8147"
"Cancer","C8148"
"Cancer","C8149"
"Cancer","C817"
"Cancer","C8170"
"Cancer","C8171"
"Cancer","C8172"
"Cancer","C8173"
"Cancer","C8174"
"Cancer","C8175"
"Cancer","C8176"
"Cancer","C8177"
"Cancer","C8178"
"Cancer","C8179"
"Cancer","C819"
"Cancer","C8190"
"Cancer","C8191"
"Cancer","C8192"
"Cancer","C8193"
"Cancer","C8194"
"Cancer","C8195"
"Cancer","C8196"
"Cancer","C8197"
"Cancer","C8198"
"Cancer","C8199"
"Cancer","C82"
"Cancer","C820"
"Cancer","C8200"
"Cancer","C8201"
"Cancer","C8202"
"Cancer","C8203"
"Cancer","C8204"
"Cancer","C8205"
"Cancer","C8206"
"Cancer","C8207"
"Cancer","C8208"
"Cancer","C8209"
"Cancer","C821"
"Cancer","C8210"
"Cancer","C8211"
"Cancer","C8212"
"Cancer","C8213"
"Cancer","C8214"
"Cancer","C8215"
"Cancer","C8216"
"Cancer","C8217"
"Cancer","C8218"
"Cancer","C8219"
"Cancer","C822"
"Cancer","C8220"
"Cancer","C8221"
"Cancer","C8222"
"Cancer","C8223"
"Cancer","C8224"
"Cancer","C8225"
"Cancer","C8226"
"Cancer","C8227"
"Cancer","C8228"
"Cancer","C8229"
"Cancer","C823"
"Cancer","C8230"
"Cancer","C8231"
"Cancer","C8232"
"Cancer","C8233"
"Cancer","C8234"
"Cancer","C8235"
"Cancer","C8236"
"Cancer","C8237"
"Cancer","C8238"
"Cancer","C8239"
"Cancer","C824"
"Cancer","C8240"
"Cancer","C8241"
"Cancer","C8242"
"Cancer","C8243"
"Cancer","C8244"
"Cancer","C8245"
"Cancer","C8246"
"Cancer","C8247"
"Cancer","C8248"
"Cancer","C8249"
"Cancer","C825"
"Cancer","C8250"
"Cancer","C8251"
"Cancer","C8252"
"Cancer","C8253"
"Cancer","C8254"
"Cancer","C8255"
"Cancer","C8256"
"Cancer","C8257"
"Cancer","C8258"
"Cancer","C8259"
"Cancer","C826"
"Cancer","C8260"
"Cancer","C8261"
"Cancer","C8262"
"Cancer","C8263"
"Cancer","C8264"
"Cancer","C8265"
"Cancer","C8266"
"Cancer","C8267"
"Cancer","C8268"
"Cancer","C8269"
"Cancer","C828"
"Cancer","C8280"
"Cancer","C8281"
"Cancer","C8282"
"Cancer","C8283"
"Cancer","C8284"
"Cancer","C8285"
"Cancer","C8286"
"Cancer","C8287"
"Cancer","C8288"
"Cancer","C8289"
"Cancer","C829"
"Cancer","C8290"
"Cancer","C8291"
"Cancer","C8292"
"Cancer","C8293"
"Cancer","C8294"
"Cancer","C8295"
"Cancer","C8296"
"Cancer","C8297"
"Cancer","C8298"
"Cancer","C8299"
"Cancer","C83"
"Cancer","C830"
"Cancer","C8300"
"Cancer","C8301"
"Cancer","C8302"
"Cancer","C8303"
"Cancer","C8304"
"Cancer","C8305"
"Cancer","C8306"
"Cancer","C8307"
"Cancer","C8308"
"Cancer","C8309"
"Cancer","C831"
"Cancer","C8310"
"Cancer","C8311"
"Cancer","C8312"
"Cancer","C8313"
"Cancer","C8314"
"Cancer","C8315"
"Cancer","C8316"
"Cancer","C8317"
"Cancer","C8318"
"Cancer","C8319"
"Cancer","C833"
"Cancer","C8330"
"Cancer","C8331"
"Cancer","C8332"
"Cancer","C8333"
"Cancer","C8334"
"Cancer","C8335"
"Cancer","C8336"
"Cancer","C8337"
"Cancer","C8338"
"Cancer","C8339"
"Cancer","C835"
"Cancer","C8350"
"Cancer","C8351"
"Cancer","C8352"
"Cancer","C8353"
"Cancer","C8354"
"Cancer","C8355"
"Cancer","C8356"
"Cancer","C8357"
"Cancer","C8358"
"Cancer","C8359"
"Cancer","C837"
"Cancer","C8370"
"Cancer","C8371"
"Cancer","C8372"
"Cancer","C8373"
"Cancer","C8374"
"Cancer","C8375"
"Cancer","C8376"
"Cancer","C8377"
"Cancer","C8378"
"Cancer","C8379"
"Cancer","C838"
"Cancer","C8380"
"Cancer","C8381"
"Cancer","C8382"
"Cancer","C8383"
"Cancer","C8384"
"Cancer","C8385"
"Cancer","C8386"
"Cancer","C8387"
"Cancer","C8388"
"Cancer","C8389"
"Cancer","C839"
"Cancer","C8390"
"Cancer","C8391"
"Cancer","C8392"
"Cancer","C8393"
"Cancer","C8394"
"Cancer","C8395"
"Cancer","C8396"
"Cancer","C8397"
"Cancer","C8398"
"Cancer","C8399"
"Cancer","C84"
"Cancer","C840"
"Cancer","C8400"
"Cancer","C8401"
"Cancer","C8402"
"Cancer","C8403"
"Cancer","C8404"
"Cancer","C8405"
"Cancer","C8406"
"Cancer","C8407"
"Cancer","C8408"
"Cancer","C8409"
"Cancer","C841"
"Cancer","C8410"
"Cancer","C8411"
"Cancer","C8412"
"Cancer","C8413"
"Cancer","C8414"
"Cancer","C8415"
"Cancer","C8416"
"Cancer","C8417"
"Cancer","C8418"
"Cancer","C8419"
"Cancer","C844"
"Cancer","C8440"
"Cancer","C8441"
"Cancer","C8442"
"Cancer","C8443"
"Cancer","C8444"
"Cancer","C8445"
"Cancer","C8446"
"Cancer","C8447"
"Cancer","C8448"
"Cancer","C8449"
"Cancer","C846"
"Cancer","C8460"
"Cancer","C8461"
"Cancer","C8462"
"Cancer","C8463"
"Cancer","C8464"
"Cancer","C8465"
"Cancer","C8466"
"Cancer","C8467"
"Cancer","C8468"
"Cancer","C8469"
"Cancer","C847"
"Cancer","C8470"
"Cancer","C8471"
"Cancer","C8472"
"Cancer","C8473"
"Cancer","C8474"
"Cancer","C8475"
"Cancer","C8476"
"Cancer","C8477"
"Cancer","C8478"
"Cancer","C8479"
"Cancer","C849"
"Cancer","C8490"
"Cancer","C8491"
"Cancer","C8492"
"Cancer","C8493"
"Cancer","C8494"
"Cancer","C8495"
"Cancer","C8496"
"Cancer","C8497"
"Cancer","C8498"
"Cancer","C8499"
"Cancer","C84A"
"Cancer","C84A0"
"Cancer","C84A1"
"Cancer","C84A2"
"Cancer","C84A3"
"Cancer","C84A4"
"Cancer","C84A5"
"Cancer","C84A6"
"Cancer","C84A7"
"Cancer","C84A8"
"Cancer","C84A9"
"Cancer","C84Z"
"Cancer","C84Z0"
"Cancer","C84Z1"
"Cancer","C84Z2"
"Cancer","C84Z3"
"Cancer","C84Z4"
"Cancer","C84Z5"
"Cancer","C84Z6"
"Cancer","C84Z7"
"Cancer","C84Z8"
"Cancer","C84Z9"
"Cancer","C85"
"Cancer","C851"
"Cancer","C8510"
"Cancer","C8511"
"Cancer","C8512"
"Cancer","C8513"
"Cancer","C8514"
"Cancer","C8515"
"Cancer","C8516"
"Cancer","C8517"
"Cancer","C8518"
"Cancer","C8519"
"Cancer","C852"
"Cancer","C8520"
"Cancer","C8521"
"Cancer","C8522"
"Cancer","C8523"
"Cancer","C8524"
"Cancer","C8525"
"Cancer","C8526"
"Cancer","C8527"
"Cancer","C8528"
"Cancer","C8529"
"Cancer","C858"
"Cancer","C8580"
"Cancer","C8581"
"Cancer","C8582"
"Cancer","C8583"
"Cancer","C8584"
"Cancer","C8585"
"Cancer","C8586"
"Cancer","C8587"
"Cancer","C8588"
"Cancer","C8589"
"Cancer","C859"
"Cancer","C8590"
"Cancer","C8591"
"Cancer","C8592"
"Cancer","C8593"
"Cancer","C8594"
"Cancer","C8595"
"Cancer","C8596"
"Cancer","C8597"
"Cancer","C8598"
"Cancer","C8599"
"Cancer","C88"
"Cancer","C880"
"Cancer","C882"
"Cancer","C883"
"Cancer","C884"
"Cancer","C888"
"Cancer","C889"
"Cancer","C90"
"Cancer","C900"
"Cancer","C9000"
"Cancer","C9001"
"Cancer","C9002"
"Cancer","C901"
"Cancer","C9010"
"Cancer","C9011"
"Cancer","C9012"
"Cancer","C902"
"Cancer","C9020"
"Cancer","C9021"
"Cancer","C9022"
"Cancer","C903"
"Cancer","C9030"
"Cancer","C9031"
"Cancer","C9032"
"Cancer","C91"
"Cancer","C910"
"Cancer","C9100"
"Cancer","C9101"
"Cancer","C9102"
"Cancer","C911"
"Cancer","C9110"
"Cancer","C9111"
"Cancer","C9112"
"Cancer","C913"
"Cancer","C9130"
"Cancer","C9131"
"Cancer","C9132"
"Cancer","C914"
"Cancer","C9140"
"Cancer","C9141"
"Cancer","C9142"
"Cancer","C915"
"Cancer","C9150"
"Cancer","C9151"
"Cancer","C9152"
"Cancer","C916"
"Cancer","C9160"
"Cancer","C9161"
"Cancer","C9162"
"Cancer","C919"
"Cancer","C9190"
"Cancer","C9191"
"Cancer","C9192"
"Cancer","C91A"
"Cancer","C91A0"
"Cancer","C91A1"
"Cancer","C91A2"
"Cancer","C91Z"
"Cancer","C91Z0"
"Cancer","C91Z1"
"Cancer","C91Z2"
"Cancer","C92"
"Cancer","C920"
"Cancer","C9200"
"Cancer","C9201"
"Cancer","C9202"
"Cancer","C921"
"Cancer","C9210"
"Cancer","C9211"
"Cancer","C9212"
"Cancer","C922"
"Cancer","C9220"
"Cancer","C9221"
"Cancer","C9222"
"Cancer","C923"
"Cancer","C9230"
"Cancer","C9231"
"Cancer","C9232"
"Cancer","C924"
"Cancer","C9240"
"Cancer","C9241"
"Cancer","C9242"
"Cancer","C925"
"Cancer","C9250"
"Cancer","C9251"
"Cancer","C9252"
"Cancer","C926"
"Cancer","C9260"
"Cancer","C9261"
"Cancer","C9262"
"Cancer","C929"
"Cancer","C9290"
"Cancer","C9291"
"Cancer","C9292"
"Cancer","C92A"
"Cancer","C92A0"
"Cancer","C92A1"
"Cancer","C92A2"
"Cancer","C92Z"
"Cancer","C92Z0"
"Cancer","C92Z1"
"Cancer","C92Z2"
"Cancer","C93"
"Cancer","C930"
"Cancer","C9300"
"Cancer","C9301"
"Cancer","C9302"
"Cancer","C931"
"Cancer","C9310"
"Cancer","C9311"
"Cancer","C9312"
"Cancer","C933"
"Cancer","C9330"
"Cancer","C9331"
"Cancer","C9332"
"Cancer","C939"
"Cancer","C9390"
"Cancer","C9391"
"Cancer","C9392"
"Cancer","C93Z"
"Cancer","C93Z0"
"Cancer","C93Z1"
"Cancer","C93Z2"
"Cancer","C94"
"Cancer","C940"
"Cancer","C9400"
"Cancer","C9401"
"Cancer","C9402"
"Cancer","C942"
"Cancer","C9420"
"Cancer","C9421"
"Cancer","C9422"
"Cancer","C943"
"Cancer","C9430"
"Cancer","C9431"
"Cancer","C9432"
"Cancer","C944"
"Cancer","C9440"
"Cancer","C9441"
"Cancer","C9442"
"Cancer","C946"
"Cancer","C948"
"Cancer","C9480"
"Cancer","C9481"
"Cancer","C9482"
"Cancer","C95"
"Cancer","C950"
"Cancer","C9500"
"Cancer","C9501"
"Cancer","C9502"
"Cancer","C951"
"Cancer","C9510"
"Cancer","C9511"
"Cancer","C9512"
"Cancer","C959"
"Cancer","C9590"
"Cancer","C9591"
"Cancer","C9592"
"Cancer","C96"
"Cancer","C960"
"Cancer","C962"
"Cancer","C9620"
"Cancer","C9621"
"Cancer","C9622"
"Cancer","C9629"
"Cancer","C964"
"Cancer","C965"
"Cancer","C966"
"Cancer","C969"
"Cancer","C96A"
"Cancer","C96Z"
"Cancer","C97"
"LiverSevere","I850"
"LiverSevere","I8500"
"LiverSevere","I8501"
"LiverSevere","I859"
"LiverSevere","I864"
"LiverSevere","I982"
"LiverSevere","K704"
"LiverSevere","K7040"
"LiverSevere","K7041"
"LiverSevere","K711"
"LiverSevere","K7110"
"LiverSevere","K7111"
"LiverSevere","K721"
"LiverSevere","K7210"
"LiverSevere","K7211"
"LiverSevere","K729"
"LiverSevere","K7290"
"LiverSevere","K7291"
"LiverSevere","K765"
"LiverSevere","K766"
"LiverSevere","K767"
"Mets","C77"
"Mets","C770"
"Mets","C771"
"Mets","C772"
"Mets","C773"
"Mets","C774"
"Mets","C775"
"Mets","C778"
"Mets","C779"
"Mets","C78"
"Mets","C780"
"Mets","C7800"
"Mets","C7801"
"Mets","C7802"
"Mets","C781"
"Mets","C782"
"Mets","C783"
"Mets","C7830"
"Mets","C7839"
"Mets","C784"
"Mets","C785"
"Mets","C786"
"Mets","C787"
"Mets","C788"
"Mets","C7880"
"Mets","C7889"
"Mets","C79"
"Mets","C790"
"Mets","C7900"
"Mets","C7901"
"Mets","C7902"
"Mets","C791"
"Mets","C7910"
"Mets","C7911"
"Mets","C7919"
"Mets","C792"
"Mets","C793"
"Mets","C7931"
"Mets","C7932"
"Mets","C794"
"Mets","C7940"
"Mets","C7949"
"Mets","C795"
"Mets","C7951"
"Mets","C7952"
"Mets","C796"
"Mets","C7960"
"Mets","C7961"
"Mets","C7962"
"Mets","C797"
"Mets","C7970"
"Mets","C7971"
"Mets","C7972"
"Mets","C798"
"Mets","C7981"
"Mets","C7982"
"Mets","C7989"
"Mets","C799"
"Mets","C80"
"Mets","C800"
"Mets","C801"
"Mets","C802"
"HIV","B20"
"HIV","B21"
"HIV","B22"
"HIV","B24"
